insert into address (id, street, zip, city) values (1, 'Erie', '29', 'Pantijan No 2');
insert into address (id, street, zip, city) values (2, 'Jenna', '31', 'El Tejocote');
insert into address (id, street, zip, city) values (3, 'Mallory', '394', 'New Plymouth');
insert into address (id, street, zip, city) values (4, 'Cherokee', '61903', 'Medellin');
insert into address (id, street, zip, city) values (5, 'Clove', '9', 'Paipa');
insert into address (id, street, zip, city) values (6, 'Elgar', '717', 'Cijayana');
insert into address (id, street, zip, city) values (7, 'Arizona', '8', 'San Juan Pueblo');
insert into address (id, street, zip, city) values (8, 'Jana', '62181', 'La Dorada');
insert into address (id, street, zip, city) values (9, '4th', '2283', 'Carmen');
insert into address (id, street, zip, city) values (10, 'Homewood', '871', 'Jiuzhen');
insert into address (id, street, zip, city) values (11, 'Independence', '99760', 'Basyūn');
insert into address (id, street, zip, city) values (12, 'Cottonwood', '552', 'Tha Ruea');
insert into address (id, street, zip, city) values (13, 'Debra', '65311', 'Mahajanga');
insert into address (id, street, zip, city) values (14, 'Reinke', '914', 'Syrostan');
insert into address (id, street, zip, city) values (15, 'Duke', '83', 'La Rochelle');
insert into address (id, street, zip, city) values (16, 'Scott', '7', 'Owo');
insert into address (id, street, zip, city) values (17, 'Schlimgen', '40100', 'Sanjiang');
insert into address (id, street, zip, city) values (18, 'Redwing', '91717', 'Beipai');
insert into address (id, street, zip, city) values (19, 'Maywood', '736', 'Longquan');
insert into address (id, street, zip, city) values (20, 'Derek', '159', 'Ngepoh Kidul');
insert into address (id, street, zip, city) values (21, 'Oak Valley', '346', 'Gornorechenskiy');
insert into address (id, street, zip, city) values (22, 'Michigan', '707', 'Miyang');
insert into address (id, street, zip, city) values (23, 'Swallow', '5959', 'Belyye Berega');
insert into address (id, street, zip, city) values (24, 'Northport', '0314', 'Zalishchyky');
insert into address (id, street, zip, city) values (25, 'New Castle', '1826', 'Arıqıran');
insert into address (id, street, zip, city) values (26, 'Independence', '78', 'Kallífytos');
insert into address (id, street, zip, city) values (27, 'Shasta', '26250', 'Gaomiaoji');
insert into address (id, street, zip, city) values (28, 'Hagan', '61', 'Cancela');
insert into address (id, street, zip, city) values (29, 'Northland', '1833', 'Huanggang');
insert into address (id, street, zip, city) values (30, 'Ruskin', '836', 'Ōnojō');
insert into address (id, street, zip, city) values (31, 'Roxbury', '99', 'Sharan');
insert into address (id, street, zip, city) values (32, 'Dunning', '499', 'Seymchan');
insert into address (id, street, zip, city) values (33, 'Meadow Vale', '4823', 'Goyang-si');
insert into address (id, street, zip, city) values (34, 'Utah', '91173', 'Carolina');
insert into address (id, street, zip, city) values (35, 'Delladonna', '5244', 'Klampis');
insert into address (id, street, zip, city) values (36, 'Rigney', '9504', 'Dongluqiao');
insert into address (id, street, zip, city) values (37, 'Bultman', '84', 'Agiásos');
insert into address (id, street, zip, city) values (38, 'Forest Run', '9', 'Citatah Kaler');
insert into address (id, street, zip, city) values (39, 'Springview', '03709', 'Lingtou');
insert into address (id, street, zip, city) values (40, 'Messerschmidt', '48717', 'Wiązownica');
insert into address (id, street, zip, city) values (41, 'Reindahl', '50576', 'Porsgrunn');
insert into address (id, street, zip, city) values (42, 'Norway Maple', '0', 'Orléans');
insert into address (id, street, zip, city) values (43, 'Marquette', '59273', 'Portelândia');
insert into address (id, street, zip, city) values (44, 'Pepper Wood', '2888', 'Picungbera');
insert into address (id, street, zip, city) values (45, 'Little Fleur', '4', 'Posedarje');
insert into address (id, street, zip, city) values (46, 'Canary', '045', 'Dolgoprudnyy');
insert into address (id, street, zip, city) values (47, 'Old Gate', '604', 'Bajingzi');
insert into address (id, street, zip, city) values (48, 'Division', '5840', 'Yongfeng');
insert into address (id, street, zip, city) values (49, 'Glendale', '05', 'Gostimë');
insert into address (id, street, zip, city) values (50, 'Kipling', '9', 'Antalaha');
insert into address (id, street, zip, city) values (51, 'Melby', '033', 'Sumberkemuning');
insert into address (id, street, zip, city) values (52, 'Paget', '330', 'Jukui');
insert into address (id, street, zip, city) values (53, 'Corben', '2', 'Philipsburg');
insert into address (id, street, zip, city) values (54, 'Manitowish', '3271', 'Wentai');
insert into address (id, street, zip, city) values (55, 'Fair Oaks', '15', 'Datian');
insert into address (id, street, zip, city) values (56, 'Forest Dale', '3', 'Phu Luang');
insert into address (id, street, zip, city) values (57, 'Magdeline', '35', 'Dukuh Kaler');
insert into address (id, street, zip, city) values (58, 'Dunning', '8', 'Kingscourt');
insert into address (id, street, zip, city) values (59, 'Hanson', '008', 'Örebro');
insert into address (id, street, zip, city) values (60, 'Arrowood', '2', 'Sonquil');
insert into address (id, street, zip, city) values (61, 'Northwestern', '68', 'Ogōri-shimogō');
insert into address (id, street, zip, city) values (62, 'Duke', '903', 'Westonaria');
insert into address (id, street, zip, city) values (63, 'Upham', '81294', 'Hujiagou');
insert into address (id, street, zip, city) values (64, 'Cascade', '4', 'Stockholm');
insert into address (id, street, zip, city) values (65, 'Springview', '49356', 'Thuận Nam');
insert into address (id, street, zip, city) values (66, 'Kropf', '06998', 'Fukiage-fujimi');
insert into address (id, street, zip, city) values (67, 'Westerfield', '98', 'Kalloní');
insert into address (id, street, zip, city) values (68, 'Arizona', '1', 'El Real');
insert into address (id, street, zip, city) values (69, 'Northfield', '9884', 'Dawang');
insert into address (id, street, zip, city) values (70, 'Sutteridge', '1805', 'Gaimán');
insert into address (id, street, zip, city) values (71, 'Charing Cross', '04906', 'Luoting');
insert into address (id, street, zip, city) values (72, 'Meadow Vale', '6', 'Tunal');
insert into address (id, street, zip, city) values (73, 'Weeping Birch', '57305', 'Liutao');
insert into address (id, street, zip, city) values (74, 'Menomonie', '61562', 'Cuiabá');
insert into address (id, street, zip, city) values (75, 'Barnett', '2371', 'Johor Bahru');
insert into address (id, street, zip, city) values (76, 'Carpenter', '542', 'Nacimiento');
insert into address (id, street, zip, city) values (77, 'Moland', '598', 'Kojagete');
insert into address (id, street, zip, city) values (78, 'Kingsford', '4138', 'Mekkaw');
insert into address (id, street, zip, city) values (79, 'Menomonie', '394', 'Angren');
insert into address (id, street, zip, city) values (80, 'Linden', '87', 'Zandak');
insert into address (id, street, zip, city) values (81, 'Caliangt', '09648', 'Prosperidad');
insert into address (id, street, zip, city) values (82, 'Heath', '915', 'Sanlian');
insert into address (id, street, zip, city) values (83, 'Scofield', '989', 'Rosario de Mora');
insert into address (id, street, zip, city) values (84, 'Blackbird', '197', 'Kuytun');
insert into address (id, street, zip, city) values (85, 'Muir', '7258', 'Boneng');
insert into address (id, street, zip, city) values (86, '2nd', '21998', 'Zhenzhushan');
insert into address (id, street, zip, city) values (87, 'Swallow', '18815', 'Isheyevka');
insert into address (id, street, zip, city) values (88, 'Heath', '864', 'Cherga');
insert into address (id, street, zip, city) values (89, 'Express', '9', 'Xichangmen');
insert into address (id, street, zip, city) values (90, 'Oak Valley', '27', 'Västerås');
insert into address (id, street, zip, city) values (91, 'Bayside', '314', 'Taouima');
insert into address (id, street, zip, city) values (92, 'Ronald Regan', '2264', 'Plast');
insert into address (id, street, zip, city) values (93, 'Morning', '81576', 'Miyata');
insert into address (id, street, zip, city) values (94, 'Cascade', '9', 'Hội An');
insert into address (id, street, zip, city) values (95, 'Dakota', '0', 'Obrenovac');
insert into address (id, street, zip, city) values (96, 'Clyde Gallagher', '519', 'Paris 13');
insert into address (id, street, zip, city) values (97, 'Mesta', '86840', 'Tūkrah');
insert into address (id, street, zip, city) values (98, 'Drewry', '17169', 'Zhengyu');
insert into address (id, street, zip, city) values (99, 'Sutteridge', '1', 'Svetlograd');
insert into address (id, street, zip, city) values (100, 'Helena', '42', 'Luozhuang');
--
insert into users (id, first_name, last_name, email, password) values (1, 'Genni', 'Ginsie', 'gginsie0@census.gov', '08pGc6L');
insert into users (id, first_name, last_name, email, password) values (2, 'Jorge', 'Filipputti', 'jfilipputti1@ask.com', 'C7fNz5RO');
insert into users (id, first_name, last_name, email, password) values (3, 'Rivy', 'Strickler', 'rstrickler2@nhs.uk', 'h31j3Xyc');
insert into users (id, first_name, last_name, email, password) values (4, 'Brigida', 'Boughton', 'bboughton3@msu.edu', 'Ifl0vxZX');
insert into users (id, first_name, last_name, email, password) values (5, 'Loella', 'O''Tuohy', 'lotuohy4@rediff.com', 'DQZ7im5ZR5G');
insert into users (id, first_name, last_name, email, password) values (6, 'Burr', 'Wohlers', 'bwohlers5@amazon.co.uk', 'lo4ZkiSr');
insert into users (id, first_name, last_name, email, password) values (7, 'Lonni', 'Blakelock', 'lblakelock6@mac.com', 'MHSm9Yi');
insert into users (id, first_name, last_name, email, password) values (8, 'Kienan', 'Leefe', 'kleefe7@wiley.com', '9xJ1PO');
insert into users (id, first_name, last_name, email, password) values (9, 'Bil', 'Wapple', 'bwapple8@wisc.edu', 'JZY6dXg7wO2S');
insert into users (id, first_name, last_name, email, password) values (10, 'Chester', 'Summersett', 'csummersett9@mozilla.org', '5MNzdZiEkKdL');
insert into users (id, first_name, last_name, email, password) values (11, 'Timi', 'Dredge', 'tdredgea@dailymotion.com', 'zWhr6ClbS');
insert into users (id, first_name, last_name, email, password) values (12, 'Palm', 'Hearnah', 'phearnahb@people.com.cn', 'mo3UppSyk9');
insert into users (id, first_name, last_name, email, password) values (13, 'Pace', 'MacPaik', 'pmacpaikc@bloglines.com', '3Y2Cy7iCePXO');
insert into users (id, first_name, last_name, email, password) values (14, 'Gregg', 'Hundell', 'ghundelld@sourceforge.net', 'oEC8df');
insert into users (id, first_name, last_name, email, password) values (15, 'Eadith', 'Hevey', 'eheveye@hexun.com', 'IxJv3cn');
insert into users (id, first_name, last_name, email, password) values (16, 'Tabbie', 'Gravy', 'tgravyf@apache.org', 'q30349IYqWe');
insert into users (id, first_name, last_name, email, password) values (17, 'Michail', 'Baudins', 'mbaudinsg@ft.com', 'vZLkxZ1f');
insert into users (id, first_name, last_name, email, password) values (18, 'Ginger', 'Bullick', 'gbullickh@lycos.com', 'C822EVFwXET');
insert into users (id, first_name, last_name, email, password) values (19, 'Millie', 'Dolbey', 'mdolbeyi@usnews.com', 'iMEupc2k');
insert into users (id, first_name, last_name, email, password) values (20, 'Sophey', 'Menchenton', 'smenchentonj@amazon.de', 'sXuPjb');
insert into users (id, first_name, last_name, email, password) values (21, 'Vyky', 'Cullinan', 'vcullinank@pinterest.com', 'qsyOZPI5X18v');
insert into users (id, first_name, last_name, email, password) values (22, 'Sunny', 'Buxsy', 'sbuxsyl@dailymail.co.uk', 'yxWsrmZh0O');
insert into users (id, first_name, last_name, email, password) values (23, 'Alister', 'Beavis', 'abeavism@alexa.com', 'yXJFZtY0nw');
insert into users (id, first_name, last_name, email, password) values (24, 'Sebastian', 'Hanbury-Brown', 'shanburybrownn@samsung.com', '0MJGgTm');
insert into users (id, first_name, last_name, email, password) values (25, 'Leoline', 'Cordrey', 'lcordreyo@pagesperso-orange.fr', 'S8kpxEr5');
insert into users (id, first_name, last_name, email, password) values (26, 'Timoteo', 'Sabathier', 'tsabathierp@scribd.com', 'mquK32aFb2');
insert into users (id, first_name, last_name, email, password) values (27, 'Rourke', 'Nan Carrow', 'rnancarrowq@canalblog.com', '7bNWtbYozMR');
insert into users (id, first_name, last_name, email, password) values (28, 'Ashley', 'Baulch', 'abaulchr@free.fr', 'VnLuzO07Js');
insert into users (id, first_name, last_name, email, password) values (29, 'Etty', 'Saur', 'esaurs@wiley.com', 'HDEq4rfI3');
insert into users (id, first_name, last_name, email, password) values (30, 'Fredia', 'Fludgate', 'ffludgatet@aol.com', 'bufuANFrWP');
insert into users (id, first_name, last_name, email, password) values (31, 'Corabella', 'Teulier', 'cteulieru@cloudflare.com', 'kY7oiA');
insert into users (id, first_name, last_name, email, password) values (32, 'Flossi', 'Stansell', 'fstansellv@dot.gov', 'c3ldkmrhU9x');
insert into users (id, first_name, last_name, email, password) values (33, 'Teodor', 'Skarr', 'tskarrw@amazon.de', 'OTdthRvSe');
insert into users (id, first_name, last_name, email, password) values (34, 'Cam', 'Miche', 'cmichex@bizjournals.com', 'dMZzZvV');
insert into users (id, first_name, last_name, email, password) values (35, 'Polly', 'Plaschke', 'pplaschkey@harvard.edu', 'HeGc6h0mum9');
insert into users (id, first_name, last_name, email, password) values (36, 'Guilbert', 'Acheson', 'gachesonz@squarespace.com', 'NTSHKrIU');
insert into users (id, first_name, last_name, email, password) values (37, 'Mozes', 'Dionisetti', 'mdionisetti10@ning.com', 'e034ytrNs7r');
insert into users (id, first_name, last_name, email, password) values (38, 'Dianna', 'Fulcher', 'dfulcher11@craigslist.org', '7AJqx2b');
insert into users (id, first_name, last_name, email, password) values (39, 'Cornie', 'Church', 'cchurch12@independent.co.uk', 'USSVAKXjn3V');
insert into users (id, first_name, last_name, email, password) values (40, 'Ricki', 'Puckinghorne', 'rpuckinghorne13@wordpress.org', 'Nj1ZZlJC');
insert into users (id, first_name, last_name, email, password) values (41, 'Kiele', 'Braz', 'kbraz14@php.net', 'HVWxsp');
insert into users (id, first_name, last_name, email, password) values (42, 'Goraud', 'Titlow', 'gtitlow15@cam.ac.uk', 'z8XFiN');
insert into users (id, first_name, last_name, email, password) values (43, 'Laney', 'Leroux', 'lleroux16@uiuc.edu', 'dzGORp');
insert into users (id, first_name, last_name, email, password) values (44, 'Alice', 'Piche', 'apiche17@linkedin.com', 'uUNQABKF0a');
insert into users (id, first_name, last_name, email, password) values (45, 'Brucie', 'Fenech', 'bfenech18@shinystat.com', '17MsGz');
insert into users (id, first_name, last_name, email, password) values (46, 'Betta', 'Peery', 'bpeery19@uol.com.br', 'wGo41sKfUH');
insert into users (id, first_name, last_name, email, password) values (47, 'Cynthie', 'Groundwator', 'cgroundwator1a@ftc.gov', 'b21DGR6zxiLn');
insert into users (id, first_name, last_name, email, password) values (48, 'Riccardo', 'Hindenburg', 'rhindenburg1b@hibu.com', 'u9zXDk3Gl0e');
insert into users (id, first_name, last_name, email, password) values (49, 'Rahel', 'Bernhardsson', 'rbernhardsson1c@alibaba.com', '9CH9Gx4CJg');
insert into users (id, first_name, last_name, email, password) values (50, 'Rustie', 'Ilyukhov', 'rilyukhov1d@goo.gl', 'dSCkVpwo');
insert into users (id, first_name, last_name, email, password) values (51, 'Vikki', 'Stickells', 'vstickells1e@nsw.gov.au', 'vGP2pg');
insert into users (id, first_name, last_name, email, password) values (52, 'Sydney', 'Kinlock', 'skinlock1f@cpanel.net', 'Ib7lfxvvNXm3');
insert into users (id, first_name, last_name, email, password) values (53, 'Roanne', 'Gladwish', 'rgladwish1g@google.fr', 'JFeP4S4');
insert into users (id, first_name, last_name, email, password) values (54, 'Ewan', 'Kinnin', 'ekinnin1h@booking.com', '0zHOMgqI6');
insert into users (id, first_name, last_name, email, password) values (55, 'Lorelei', 'Megahey', 'lmegahey1i@princeton.edu', 'fZUMZMyGp7pb');
insert into users (id, first_name, last_name, email, password) values (56, 'Barbee', 'McKenney', 'bmckenney1j@themeforest.net', 'gtazwTHI');
insert into users (id, first_name, last_name, email, password) values (57, 'Kirstyn', 'Quibell', 'kquibell1k@sakura.ne.jp', 'Kl16Ky8Gak');
insert into users (id, first_name, last_name, email, password) values (58, 'Kienan', 'Wield', 'kwield1l@statcounter.com', 'HGPV2s');
insert into users (id, first_name, last_name, email, password) values (59, 'Cristie', 'Jayme', 'cjayme1m@ft.com', '3aV3Xkwzt');
insert into users (id, first_name, last_name, email, password) values (60, 'Karissa', 'Bert', 'kbert1n@thetimes.co.uk', 'uNn14D');
insert into users (id, first_name, last_name, email, password) values (61, 'Mareah', 'Davidowich', 'mdavidowich1o@webmd.com', 'gA2Edgcb');
insert into users (id, first_name, last_name, email, password) values (62, 'Cleve', 'Drysdale', 'cdrysdale1p@arizona.edu', 'zlCFVHdVk');
insert into users (id, first_name, last_name, email, password) values (63, 'Martita', 'Duck', 'mduck1q@ebay.co.uk', 'HBtnPpka0');
insert into users (id, first_name, last_name, email, password) values (64, 'Grady', 'Banaszewski', 'gbanaszewski1r@howstuffworks.com', 'TlV7dcIjUM');
insert into users (id, first_name, last_name, email, password) values (65, 'Ianthe', 'Lethbury', 'ilethbury1s@usnews.com', 'VBoDR5');
insert into users (id, first_name, last_name, email, password) values (66, 'Essie', 'Caulton', 'ecaulton1t@answers.com', 'qKfNQpS34Ib');
insert into users (id, first_name, last_name, email, password) values (67, 'Chrysa', 'Rozenzweig', 'crozenzweig1u@sciencedirect.com', 'R4O7gyAnCnN');
insert into users (id, first_name, last_name, email, password) values (68, 'Debera', 'Birwhistle', 'dbirwhistle1v@twitpic.com', 'ddsdDDN8ww');
insert into users (id, first_name, last_name, email, password) values (69, 'Ashton', 'Braxay', 'abraxay1w@columbia.edu', 'KwaKgwPWuiTD');
insert into users (id, first_name, last_name, email, password) values (70, 'Tatiania', 'Plank', 'tplank1x@wordpress.com', 'YxptvsxVF');
insert into users (id, first_name, last_name, email, password) values (71, 'Edgar', 'Andreasson', 'eandreasson1y@house.gov', 'VD4Sok');
insert into users (id, first_name, last_name, email, password) values (72, 'Bobinette', 'Rudderham', 'brudderham1z@biglobe.ne.jp', 'Xq5lIci');
insert into users (id, first_name, last_name, email, password) values (73, 'Hildegarde', 'Robson', 'hrobson20@vinaora.com', 'Mr1hEba3');
insert into users (id, first_name, last_name, email, password) values (74, 'Lucien', 'Schoroder', 'lschoroder21@uol.com.br', 'BK0VCOHIM');
insert into users (id, first_name, last_name, email, password) values (75, 'Winn', 'Gosby', 'wgosby22@stanford.edu', 'JuRildjsbryK');
insert into users (id, first_name, last_name, email, password) values (76, 'Hermy', 'Fost', 'hfost23@jugem.jp', 'CizFhhuWA4kB');
insert into users (id, first_name, last_name, email, password) values (77, 'Verna', 'Zorzin', 'vzorzin24@i2i.jp', 'dROMGIC9');
insert into users (id, first_name, last_name, email, password) values (78, 'Brigit', 'Signoret', 'bsignoret25@google.cn', 'loOnES6k9b');
insert into users (id, first_name, last_name, email, password) values (79, 'Karrah', 'Collihole', 'kcollihole26@webeden.co.uk', 'SEM8X5CJpw');
insert into users (id, first_name, last_name, email, password) values (80, 'Sally', 'Tackle', 'stackle27@storify.com', 'NFtk4zI');
insert into users (id, first_name, last_name, email, password) values (81, 'Garvey', 'De Michele', 'gdemichele28@slate.com', '44okIsh9');
insert into users (id, first_name, last_name, email, password) values (82, 'Daisie', 'Januszewski', 'djanuszewski29@free.fr', 'hNdOgr5M');
insert into users (id, first_name, last_name, email, password) values (83, 'Holli', 'Squeers', 'hsqueers2a@1und1.de', '54KwFuncD1G');
insert into users (id, first_name, last_name, email, password) values (84, 'Othelia', 'Maestro', 'omaestro2b@virginia.edu', 'qzzmLT');
insert into users (id, first_name, last_name, email, password) values (85, 'Sunshine', 'Safhill', 'ssafhill2c@technorati.com', 'e6P3XfAfMN');
insert into users (id, first_name, last_name, email, password) values (86, 'Francois', 'Deason', 'fdeason2d@boston.com', 'mW0QiVzOvkmv');
insert into users (id, first_name, last_name, email, password) values (87, 'Kippy', 'Mityushin', 'kmityushin2e@posterous.com', '8XmR9lxylh');
insert into users (id, first_name, last_name, email, password) values (88, 'Eamon', 'Aujean', 'eaujean2f@blogger.com', 'hPpxt8l');
insert into users (id, first_name, last_name, email, password) values (89, 'Byran', 'Punton', 'bpunton2g@tripadvisor.com', 'PGGqluws');
insert into users (id, first_name, last_name, email, password) values (90, 'Clarisse', 'Blasius', 'cblasius2h@reference.com', 'MA9g3wTrxdnC');
insert into users (id, first_name, last_name, email, password) values (91, 'Daniela', 'Gatenby', 'dgatenby2i@tamu.edu', 'yZQ9YDyfxz1');
insert into users (id, first_name, last_name, email, password) values (92, 'Valentia', 'Battabee', 'vbattabee2j@soup.io', 'Ki9TjZ');
insert into users (id, first_name, last_name, email, password) values (93, 'Shanie', 'Imrie', 'simrie2k@naver.com', 'hIphR7DbL48');
insert into users (id, first_name, last_name, email, password) values (94, 'Jody', 'Charlotte', 'jcharlotte2l@soundcloud.com', '7RheHTa7HFw0');
insert into users (id, first_name, last_name, email, password) values (95, 'Paxon', 'Deeson', 'pdeeson2m@tuttocitta.it', 'sJZMGnR');
insert into users (id, first_name, last_name, email, password) values (96, 'Bree', 'Clerke', 'bclerke2n@mayoclinic.com', '4CvBe3');
insert into users (id, first_name, last_name, email, password) values (97, 'Gan', 'Bergeau', 'gbergeau2o@4shared.com', 'VXfpQZ');
insert into users (id, first_name, last_name, email, password) values (98, 'Doug', 'Brauns', 'dbrauns2p@histats.com', 'y73q1YE');
insert into users (id, first_name, last_name, email, password) values (99, 'Nikolai', 'Ewenson', 'newenson2q@unblog.fr', 'UAyqencKhK');
insert into users (id, first_name, last_name, email, password) values (100, 'Lin', 'Loft', 'lloft2r@sbwire.com', 'MbVNjA');
insert into users (id, first_name, last_name, email, password) values (101, 'Babette', 'Turville', 'bturville2s@unblog.fr', 'XSGgZcoruBS');
insert into users (id, first_name, last_name, email, password) values (102, 'Meta', 'Jayme', 'mjayme2t@histats.com', 'uI74aum3eHQt');
insert into users (id, first_name, last_name, email, password) values (103, 'Juli', 'Offiler', 'joffiler2u@ask.com', 'vmcUKo');
insert into users (id, first_name, last_name, email, password) values (104, 'Ninnette', 'Pouck', 'npouck2v@google.co.uk', 'zqZlhs');
insert into users (id, first_name, last_name, email, password) values (105, 'Robb', 'Ede', 'rede2w@i2i.jp', 'HkQlvNMA');
insert into users (id, first_name, last_name, email, password) values (106, 'Sinclair', 'MacLice', 'smaclice2x@php.net', 's99jKY');
insert into users (id, first_name, last_name, email, password) values (107, 'Howard', 'Leband', 'hleband2y@nature.com', 'Wu262hg');
insert into users (id, first_name, last_name, email, password) values (108, 'Andreas', 'Mowlam', 'amowlam2z@patch.com', 'kTCwzyfO');
insert into users (id, first_name, last_name, email, password) values (109, 'Sollie', 'Henstone', 'shenstone30@unblog.fr', 'YFEBFc2');
insert into users (id, first_name, last_name, email, password) values (110, 'Tiffani', 'Jenks', 'tjenks31@oracle.com', 'PyuMdi');
insert into users (id, first_name, last_name, email, password) values (111, 'Banky', 'Korn', 'bkorn32@pinterest.com', 'DavrjLmbroh');
insert into users (id, first_name, last_name, email, password) values (112, 'Julietta', 'Iwanowicz', 'jiwanowicz33@netlog.com', 'ykKDsMu');
insert into users (id, first_name, last_name, email, password) values (113, 'Liana', 'Bernath', 'lbernath34@comcast.net', 'DtnysWgkChWs');
insert into users (id, first_name, last_name, email, password) values (114, 'Massimiliano', 'Daftor', 'mdaftor35@howstuffworks.com', 'URfPPEne3nr');
insert into users (id, first_name, last_name, email, password) values (115, 'Nettie', 'Gedge', 'ngedge36@i2i.jp', 'MOwGYSTjiPK');
insert into users (id, first_name, last_name, email, password) values (116, 'Nahum', 'Cavy', 'ncavy37@w3.org', '9QhheFx');
insert into users (id, first_name, last_name, email, password) values (117, 'Annice', 'Hateley', 'ahateley38@shop-pro.jp', 'wbOYxkgvm');
insert into users (id, first_name, last_name, email, password) values (118, 'Renata', 'Buer', 'rbuer39@shinystat.com', 'Z4rLmyuXVD');
insert into users (id, first_name, last_name, email, password) values (119, 'Olivie', 'Hirsch', 'ohirsch3a@weebly.com', 'H4o0NmQvV');
insert into users (id, first_name, last_name, email, password) values (120, 'Oralle', 'Tearle', 'otearle3b@squidoo.com', 'QJihZ4UYi');
insert into users (id, first_name, last_name, email, password) values (121, 'Witty', 'Mackneis', 'wmackneis3c@51.la', 'BY1luU7gVsk');
insert into users (id, first_name, last_name, email, password) values (122, 'Etienne', 'Pinniger', 'epinniger3d@myspace.com', 'Bq20v8k');
insert into users (id, first_name, last_name, email, password) values (123, 'Jeanette', 'Pipping', 'jpipping3e@nymag.com', '336hwA2');
insert into users (id, first_name, last_name, email, password) values (124, 'Tiffani', 'Andrini', 'tandrini3f@umn.edu', 'lsrnmFT1VfS');
insert into users (id, first_name, last_name, email, password) values (125, 'Shirleen', 'Melland', 'smelland3g@home.pl', 'UXahdUG9');
insert into users (id, first_name, last_name, email, password) values (126, 'Gonzales', 'Giamo', 'ggiamo3h@pbs.org', 'iMhg4HdukH5u');
insert into users (id, first_name, last_name, email, password) values (127, 'Hattie', 'Djurkovic', 'hdjurkovic3i@flavors.me', 'fTftX5');
insert into users (id, first_name, last_name, email, password) values (128, 'Wake', 'Raittie', 'wraittie3j@dagondesign.com', 'oXcdptpq');
insert into users (id, first_name, last_name, email, password) values (129, 'Sam', 'Remmer', 'sremmer3k@creativecommons.org', 'so3PAhzh');
insert into users (id, first_name, last_name, email, password) values (130, 'Kelsi', 'Cattell', 'kcattell3l@wiley.com', 'sQuGNaPJO8h');
insert into users (id, first_name, last_name, email, password) values (131, 'Myron', 'Gatteridge', 'mgatteridge3m@ameblo.jp', 'INbPCbn1jf2');
insert into users (id, first_name, last_name, email, password) values (132, 'Katharina', 'Goman', 'kgoman3n@salon.com', '4ZgEtYMQ8bmm');
insert into users (id, first_name, last_name, email, password) values (133, 'Shannon', 'Labbet', 'slabbet3o@g.co', '56vYe1ykzq');
insert into users (id, first_name, last_name, email, password) values (134, 'Twyla', 'Pampling', 'tpampling3p@youku.com', 'VMD7VT');
insert into users (id, first_name, last_name, email, password) values (135, 'Allina', 'Falconer-Taylor', 'afalconertaylor3q@wikispaces.com', 'GjqHTpw');
insert into users (id, first_name, last_name, email, password) values (136, 'Aloysia', 'Raddenbury', 'araddenbury3r@wikispaces.com', 'Nt2L2bLx2');
insert into users (id, first_name, last_name, email, password) values (137, 'Burton', 'Duggon', 'bduggon3s@facebook.com', '8a1Oohk5C1s');
insert into users (id, first_name, last_name, email, password) values (138, 'Audrye', 'Coleson', 'acoleson3t@altervista.org', 'WeykUiRDn5g');
insert into users (id, first_name, last_name, email, password) values (139, 'Erskine', 'Hendrikse', 'ehendrikse3u@bloglines.com', 'zhfeohiflvlZ');
insert into users (id, first_name, last_name, email, password) values (140, 'Fons', 'Coite', 'fcoite3v@spotify.com', 'GoLpKvYUv');
insert into users (id, first_name, last_name, email, password) values (141, 'Rudolfo', 'Paulsen', 'rpaulsen3w@berkeley.edu', 'dxGceJ8J7V');
insert into users (id, first_name, last_name, email, password) values (142, 'Felic', 'Rosetti', 'frosetti3x@imageshack.us', 'hipNFlWsN');
insert into users (id, first_name, last_name, email, password) values (143, 'Karla', 'Kensy', 'kkensy3y@nymag.com', 'MLQ75NIqu');
insert into users (id, first_name, last_name, email, password) values (144, 'Philbert', 'Sinnott', 'psinnott3z@delicious.com', 'RHNqJhu');
insert into users (id, first_name, last_name, email, password) values (145, 'Darla', 'Sandeson', 'dsandeson40@usgs.gov', 'Zcycce');
insert into users (id, first_name, last_name, email, password) values (146, 'Felipe', 'Mc Dermid', 'fmcdermid41@biglobe.ne.jp', 'jgyqnkh3');
insert into users (id, first_name, last_name, email, password) values (147, 'Bobby', 'Eaglen', 'beaglen42@ebay.co.uk', 'xpLZQid8mZq');
insert into users (id, first_name, last_name, email, password) values (148, 'Vinny', 'Viel', 'vviel43@marriott.com', 'lb9oIT5NaSmo');
insert into users (id, first_name, last_name, email, password) values (149, 'Kelvin', 'Taylder', 'ktaylder44@lycos.com', '7GQQMw');
insert into users (id, first_name, last_name, email, password) values (150, 'Laetitia', 'O''Hara', 'lohara45@creativecommons.org', '3T687HOP8');
insert into users (id, first_name, last_name, email, password) values (151, 'Krystyna', 'Pountney', 'kpountney46@chronoengine.com', 'cvWk0P');
insert into users (id, first_name, last_name, email, password) values (152, 'Sax', 'O Mullen', 'somullen47@dmoz.org', 'I8VQExQ7lh');
insert into users (id, first_name, last_name, email, password) values (153, 'Gina', 'Cumberpatch', 'gcumberpatch48@patch.com', 'r5Rh0zfS');
insert into users (id, first_name, last_name, email, password) values (154, 'Theo', 'Phelp', 'tphelp49@slideshare.net', 'L026PfT4b');
insert into users (id, first_name, last_name, email, password) values (155, 'Kacey', 'Pietruszka', 'kpietruszka4a@spotify.com', '3ucCzBloTO4');
insert into users (id, first_name, last_name, email, password) values (156, 'Hendrick', 'Caven', 'hcaven4b@github.io', 'tNo3VdqT');
insert into users (id, first_name, last_name, email, password) values (157, 'Cristi', 'Astill', 'castill4c@xinhuanet.com', 'pIV51chfiCmO');
insert into users (id, first_name, last_name, email, password) values (158, 'Gottfried', 'Immings', 'gimmings4d@tamu.edu', 'ZdJkPLGFtze5');
insert into users (id, first_name, last_name, email, password) values (159, 'Mada', 'Bresner', 'mbresner4e@rakuten.co.jp', 'FHAOvIa0');
insert into users (id, first_name, last_name, email, password) values (160, 'Erda', 'Gorke', 'egorke4f@baidu.com', 'TPEZI0SsSZs');
insert into users (id, first_name, last_name, email, password) values (161, 'Una', 'Holywell', 'uholywell4g@mail.ru', 'Hq7gv4Mt');
insert into users (id, first_name, last_name, email, password) values (162, 'Leann', 'Gipps', 'lgipps4h@archive.org', '7wXJ2PLkge');
insert into users (id, first_name, last_name, email, password) values (163, 'Nikolos', 'Burkwood', 'nburkwood4i@multiply.com', 'SlXM6PFP');
insert into users (id, first_name, last_name, email, password) values (164, 'La verne', 'de Clercq', 'ldeclercq4j@unicef.org', 'LwH0lSFZR');
insert into users (id, first_name, last_name, email, password) values (165, 'Billy', 'Elgie', 'belgie4k@home.pl', 'cFxXh2Q');
insert into users (id, first_name, last_name, email, password) values (166, 'Brandea', 'Pepon', 'bpepon4l@miitbeian.gov.cn', 'WLPLb0uPZt1');
insert into users (id, first_name, last_name, email, password) values (167, 'Mona', 'Calender', 'mcalender4m@sogou.com', '7szgyBhilws');
insert into users (id, first_name, last_name, email, password) values (168, 'Morganica', 'Dullard', 'mdullard4n@mit.edu', 'qEAlz8');
insert into users (id, first_name, last_name, email, password) values (169, 'Dottie', 'Obin', 'dobin4o@comcast.net', 'id60sQmB9');
insert into users (id, first_name, last_name, email, password) values (170, 'Lorie', 'Charley', 'lcharley4p@cnet.com', '4J7Lfy');
insert into users (id, first_name, last_name, email, password) values (171, 'Edi', 'Matignon', 'ematignon4q@google.com.br', '25oksDNhBX');
insert into users (id, first_name, last_name, email, password) values (172, 'Prentiss', 'Beddin', 'pbeddin4r@de.vu', 'Wq0qp1TYH');
insert into users (id, first_name, last_name, email, password) values (173, 'Klaus', 'Bowmaker', 'kbowmaker4s@wikia.com', 'aQ8BnuUh');
insert into users (id, first_name, last_name, email, password) values (174, 'Sib', 'Hinsch', 'shinsch4t@blogs.com', 'TX0IEfs7pUL');
insert into users (id, first_name, last_name, email, password) values (175, 'Emilee', 'Marjoram', 'emarjoram4u@google.co.uk', 'sOKGVEE');
insert into users (id, first_name, last_name, email, password) values (176, 'Westbrooke', 'Golding', 'wgolding4v@lycos.com', 'leWB1srW9YSf');
insert into users (id, first_name, last_name, email, password) values (177, 'Harald', 'Paolotto', 'hpaolotto4w@nationalgeographic.com', 'OHyOQR7KuM2');
insert into users (id, first_name, last_name, email, password) values (178, 'Matteo', 'Tilling', 'mtilling4x@mail.ru', 'plX7Yjgi0b');
insert into users (id, first_name, last_name, email, password) values (179, 'Karim', 'Scholard', 'kscholard4y@huffingtonpost.com', 'p0OmeHckV');
insert into users (id, first_name, last_name, email, password) values (180, 'Danika', 'Bilam', 'dbilam4z@whitehouse.gov', 'OqS21alc');
insert into users (id, first_name, last_name, email, password) values (181, 'Jodie', 'Van der Brugge', 'jvanderbrugge50@tinypic.com', 'NUS345uh');
insert into users (id, first_name, last_name, email, password) values (182, 'Kattie', 'Greenshields', 'kgreenshields51@purevolume.com', 'HYvTMHf24');
insert into users (id, first_name, last_name, email, password) values (183, 'Sadye', 'Goldring', 'sgoldring52@cdbaby.com', 'xlv0t16X');
insert into users (id, first_name, last_name, email, password) values (184, 'Tynan', 'Thelwll', 'tthelwll53@devhub.com', 'h6kBsb');
insert into users (id, first_name, last_name, email, password) values (185, 'Toiboid', 'Gredden', 'tgredden54@ehow.com', 'TL8znVRifga');
insert into users (id, first_name, last_name, email, password) values (186, 'Yvon', 'Stobbes', 'ystobbes55@sourceforge.net', '3Ts9fdhXjw');
insert into users (id, first_name, last_name, email, password) values (187, 'Tadeas', 'Cantle', 'tcantle56@latimes.com', 'QkspXwFLok2');
insert into users (id, first_name, last_name, email, password) values (188, 'Jami', 'Kepe', 'jkepe57@wp.com', '0P16RNdUkB');
insert into users (id, first_name, last_name, email, password) values (189, 'Skipton', 'Brasseur', 'sbrasseur58@histats.com', 'NpuhStCZPqO');
insert into users (id, first_name, last_name, email, password) values (190, 'Aleece', 'Baus', 'abaus59@skyrock.com', 'PuOgrc');
insert into users (id, first_name, last_name, email, password) values (191, 'Ritchie', 'Harry', 'rharry5a@ustream.tv', 'LhMG0K');
insert into users (id, first_name, last_name, email, password) values (192, 'Honoria', 'Pepperd', 'hpepperd5b@diigo.com', 'FKSjMuKlZqIS');
insert into users (id, first_name, last_name, email, password) values (193, 'Starr', 'Morefield', 'smorefield5c@lycos.com', 'btpgkBOa');
insert into users (id, first_name, last_name, email, password) values (194, 'Edin', 'Laetham', 'elaetham5d@census.gov', 'OaQF6cBb');
insert into users (id, first_name, last_name, email, password) values (195, 'Vera', 'Menhenitt', 'vmenhenitt5e@japanpost.jp', 'MfZ6zLU');
insert into users (id, first_name, last_name, email, password) values (196, 'Gino', 'Ubsdell', 'gubsdell5f@wikia.com', 'g9kkItEXowV');
insert into users (id, first_name, last_name, email, password) values (197, 'Ruprecht', 'Emmett', 'remmett5g@biblegateway.com', 'm0mIfQrj5GC');
insert into users (id, first_name, last_name, email, password) values (198, 'Dinah', 'O''Fearguise', 'dofearguise5h@pagesperso-orange.fr', 'yDnX6sS1m');
insert into users (id, first_name, last_name, email, password) values (199, 'Stanfield', 'Tudbald', 'studbald5i@unicef.org', 'Tn5C9IYV');
insert into users (id, first_name, last_name, email, password) values (200, 'Jacobo', 'MacRitchie', 'jmacritchie5j@wordpress.com', 'nnpsvxVfxht');
--
insert into category (id, name) values (1, 'Mella');
insert into category (id, name) values (2, 'Dahlia');
insert into category (id, name) values (3, 'Granville');
insert into category (id, name) values (4, 'Janey');
insert into category (id, name) values (5, 'Florie');
insert into category (id, name) values (6, 'Don');
insert into category (id, name) values (7, 'Johanna');
insert into category (id, name) values (8, 'Heida');
insert into category (id, name) values (9, 'Nils');
insert into category (id, name) values (10, 'Quincey');
insert into category (id, name) values (11, 'Marguerite');
insert into category (id, name) values (12, 'Katy');
insert into category (id, name) values (13, 'Ransom');
insert into category (id, name) values (14, 'Clemmy');
insert into category (id, name) values (15, 'Bea');
insert into category (id, name) values (16, 'Obie');
insert into category (id, name) values (17, 'Daryle');
insert into category (id, name) values (18, 'Esra');
insert into category (id, name) values (19, 'Lil');
insert into category (id, name) values (20, 'Lind');
insert into category (id, name) values (21, 'Ken');
insert into category (id, name) values (22, 'Gabriela');
insert into category (id, name) values (23, 'Orelee');
insert into category (id, name) values (24, 'Yurik');
insert into category (id, name) values (25, 'Latrina');
insert into category (id, name) values (26, 'Alleyn');
insert into category (id, name) values (27, 'Angie');
insert into category (id, name) values (28, 'Linn');
insert into category (id, name) values (29, 'Zita');
insert into category (id, name) values (30, 'Charo');
insert into category (id, name) values (31, 'Bili');
insert into category (id, name) values (32, 'Anissa');
insert into category (id, name) values (33, 'Bonita');
insert into category (id, name) values (34, 'Ollie');
insert into category (id, name) values (35, 'Cymbre');
insert into category (id, name) values (36, 'Shae');
insert into category (id, name) values (37, 'Teresina');
insert into category (id, name) values (38, 'Valina');
insert into category (id, name) values (39, 'Marje');
insert into category (id, name) values (40, 'Maible');
insert into category (id, name) values (41, 'Emerson');
insert into category (id, name) values (42, 'Gill');
insert into category (id, name) values (43, 'Fianna');
insert into category (id, name) values (44, 'Emilio');
insert into category (id, name) values (45, 'Lena');
insert into category (id, name) values (46, 'Avery');
insert into category (id, name) values (47, 'Micheal');
insert into category (id, name) values (48, 'Nollie');
insert into category (id, name) values (49, 'Rhona');
insert into category (id, name) values (50, 'Asia');
insert into category (id, name) values (51, 'Feodor');
insert into category (id, name) values (52, 'Max');
insert into category (id, name) values (53, 'Lila');
insert into category (id, name) values (54, 'Davin');
insert into category (id, name) values (55, 'Putnem');
insert into category (id, name) values (56, 'Cherise');
insert into category (id, name) values (57, 'Lilian');
insert into category (id, name) values (58, 'Amara');
insert into category (id, name) values (59, 'Jule');
insert into category (id, name) values (60, 'Rustie');
insert into category (id, name) values (61, 'Irena');
insert into category (id, name) values (62, 'Grissel');
insert into category (id, name) values (63, 'Christen');
insert into category (id, name) values (64, 'Bern');
insert into category (id, name) values (65, 'Mattie');
insert into category (id, name) values (66, 'Shae');
insert into category (id, name) values (67, 'Norene');
insert into category (id, name) values (68, 'Kirsten');
insert into category (id, name) values (69, 'Jobye');
insert into category (id, name) values (70, 'Fidelity');
insert into category (id, name) values (71, 'Israel');
insert into category (id, name) values (72, 'Alexi');
insert into category (id, name) values (73, 'Engracia');
insert into category (id, name) values (74, 'Bronnie');
insert into category (id, name) values (75, 'Kile');
insert into category (id, name) values (76, 'Franni');
insert into category (id, name) values (77, 'Jessie');
insert into category (id, name) values (78, 'Selie');
insert into category (id, name) values (79, 'Darbee');
insert into category (id, name) values (80, 'Bertie');
insert into category (id, name) values (81, 'Lauri');
insert into category (id, name) values (82, 'Oralie');
insert into category (id, name) values (83, 'Hollie');
insert into category (id, name) values (84, 'Silvia');
insert into category (id, name) values (85, 'Ermin');
insert into category (id, name) values (86, 'Hubie');
insert into category (id, name) values (87, 'Maxi');
insert into category (id, name) values (88, 'Bettye');
insert into category (id, name) values (89, 'Osborne');
insert into category (id, name) values (90, 'Jacenta');
insert into category (id, name) values (91, 'Wainwright');
insert into category (id, name) values (92, 'Cash');
insert into category (id, name) values (93, 'Jessy');
insert into category (id, name) values (94, 'Pippy');
insert into category (id, name) values (95, 'Gertie');
insert into category (id, name) values (96, 'Tandie');
insert into category (id, name) values (97, 'Siobhan');
insert into category (id, name) values (98, 'Andromache');
insert into category (id, name) values (99, 'Quentin');
insert into category (id, name) values (100, 'Ad');
insert into category (id, name) values (101, 'Goddard');
insert into category (id, name) values (102, 'Scarlett');
insert into category (id, name) values (103, 'Finlay');
insert into category (id, name) values (104, 'Orton');
insert into category (id, name) values (105, 'Garland');
insert into category (id, name) values (106, 'Elyse');
insert into category (id, name) values (107, 'Deeanne');
insert into category (id, name) values (108, 'Teodor');
insert into category (id, name) values (109, 'Esme');
insert into category (id, name) values (110, 'Noni');
insert into category (id, name) values (111, 'Charlean');
insert into category (id, name) values (112, 'Sharl');
insert into category (id, name) values (113, 'Dietrich');
insert into category (id, name) values (114, 'Calli');
insert into category (id, name) values (115, 'Gordy');
insert into category (id, name) values (116, 'Clare');
insert into category (id, name) values (117, 'Jennee');
insert into category (id, name) values (118, 'Jimmy');
insert into category (id, name) values (119, 'Gwenette');
insert into category (id, name) values (120, 'Johnathon');
insert into category (id, name) values (121, 'Kessiah');
insert into category (id, name) values (122, 'De');
insert into category (id, name) values (123, 'Feodora');
insert into category (id, name) values (124, 'Dino');
insert into category (id, name) values (125, 'Jethro');
insert into category (id, name) values (126, 'Hector');
insert into category (id, name) values (127, 'Gayle');
insert into category (id, name) values (128, 'Waneta');
insert into category (id, name) values (129, 'Dale');
insert into category (id, name) values (130, 'Esme');
insert into category (id, name) values (131, 'Annadiana');
insert into category (id, name) values (132, 'Lyn');
insert into category (id, name) values (133, 'Diahann');
insert into category (id, name) values (134, 'Thaddeus');
insert into category (id, name) values (135, 'Dominic');
insert into category (id, name) values (136, 'Aubree');
insert into category (id, name) values (137, 'Tomlin');
insert into category (id, name) values (138, 'Codie');
insert into category (id, name) values (139, 'Hadria');
insert into category (id, name) values (140, 'Wynnie');
insert into category (id, name) values (141, 'Verine');
insert into category (id, name) values (142, 'Bride');
insert into category (id, name) values (143, 'Dev');
insert into category (id, name) values (144, 'Mair');
insert into category (id, name) values (145, 'Reggis');
insert into category (id, name) values (146, 'Darryl');
insert into category (id, name) values (147, 'Morey');
insert into category (id, name) values (148, 'Vivien');
insert into category (id, name) values (149, 'Joice');
insert into category (id, name) values (150, 'Hendrika');
insert into category (id, name) values (151, 'Thomasin');
insert into category (id, name) values (152, 'Dori');
insert into category (id, name) values (153, 'Betta');
insert into category (id, name) values (154, 'Myrle');
insert into category (id, name) values (155, 'Hersh');
insert into category (id, name) values (156, 'Starlene');
insert into category (id, name) values (157, 'Salome');
insert into category (id, name) values (158, 'Constantia');
insert into category (id, name) values (159, 'Rosabelle');
insert into category (id, name) values (160, 'Hyacintha');
insert into category (id, name) values (161, 'Budd');
insert into category (id, name) values (162, 'Keely');
insert into category (id, name) values (163, 'Hewie');
insert into category (id, name) values (164, 'Sollie');
insert into category (id, name) values (165, 'Hamnet');
insert into category (id, name) values (166, 'Merwyn');
insert into category (id, name) values (167, 'Tait');
insert into category (id, name) values (168, 'Ailina');
insert into category (id, name) values (169, 'Marigold');
insert into category (id, name) values (170, 'Terra');
insert into category (id, name) values (171, 'Chilton');
insert into category (id, name) values (172, 'Augusto');
insert into category (id, name) values (173, 'Yvor');
insert into category (id, name) values (174, 'Eben');
insert into category (id, name) values (175, 'Ysabel');
insert into category (id, name) values (176, 'Ruddy');
insert into category (id, name) values (177, 'Juli');
insert into category (id, name) values (178, 'Ella');
insert into category (id, name) values (179, 'Kristopher');
insert into category (id, name) values (180, 'Elwin');
insert into category (id, name) values (181, 'Clementius');
insert into category (id, name) values (182, 'Raynell');
insert into category (id, name) values (183, 'Paton');
insert into category (id, name) values (184, 'Bobbie');
insert into category (id, name) values (185, 'Lenee');
insert into category (id, name) values (186, 'Barry');
insert into category (id, name) values (187, 'Liz');
insert into category (id, name) values (188, 'Pren');
insert into category (id, name) values (189, 'Christie');
insert into category (id, name) values (190, 'Lawton');
insert into category (id, name) values (191, 'Ugo');
insert into category (id, name) values (192, 'Guendolen');
insert into category (id, name) values (193, 'Sidoney');
insert into category (id, name) values (194, 'Sebastien');
insert into category (id, name) values (195, 'Matthus');
insert into category (id, name) values (196, 'Arch');
insert into category (id, name) values (197, 'Corinna');
insert into category (id, name) values (198, 'Penelopa');
insert into category (id, name) values (199, 'Barri');
insert into category (id, name) values (200, 'Alex');
insert into category (id, name) values (201, 'Jaclyn');
insert into category (id, name) values (202, 'Randie');
insert into category (id, name) values (203, 'Morganica');
insert into category (id, name) values (204, 'Ami');
insert into category (id, name) values (205, 'Kaitlin');
insert into category (id, name) values (206, 'Monroe');
insert into category (id, name) values (207, 'Nobie');
insert into category (id, name) values (208, 'Celie');
insert into category (id, name) values (209, 'Leoline');
insert into category (id, name) values (210, 'Hebert');
insert into category (id, name) values (211, 'Farlee');
insert into category (id, name) values (212, 'Verla');
insert into category (id, name) values (213, 'Ty');
insert into category (id, name) values (214, 'Sibylla');
insert into category (id, name) values (215, 'Keary');
insert into category (id, name) values (216, 'Alysa');
insert into category (id, name) values (217, 'Virgil');
insert into category (id, name) values (218, 'Joellyn');
insert into category (id, name) values (219, 'Ivory');
insert into category (id, name) values (220, 'Joanna');
insert into category (id, name) values (221, 'Kristian');
insert into category (id, name) values (222, 'Hewet');
insert into category (id, name) values (223, 'Gun');
insert into category (id, name) values (224, 'Derward');
insert into category (id, name) values (225, 'Mellicent');
insert into category (id, name) values (226, 'Reena');
insert into category (id, name) values (227, 'Anderson');
insert into category (id, name) values (228, 'Viviana');
insert into category (id, name) values (229, 'Sergei');
insert into category (id, name) values (230, 'Carolus');
insert into category (id, name) values (231, 'Jeffie');
insert into category (id, name) values (232, 'Chrisy');
insert into category (id, name) values (233, 'Annadiane');
insert into category (id, name) values (234, 'Khalil');
insert into category (id, name) values (235, 'Ignace');
insert into category (id, name) values (236, 'Lonny');
insert into category (id, name) values (237, 'Graig');
insert into category (id, name) values (238, 'Brandie');
insert into category (id, name) values (239, 'Kelvin');
insert into category (id, name) values (240, 'Willi');
insert into category (id, name) values (241, 'Austina');
insert into category (id, name) values (242, 'Quintus');
insert into category (id, name) values (243, 'Staci');
insert into category (id, name) values (244, 'Demetris');
insert into category (id, name) values (245, 'Tannie');
insert into category (id, name) values (246, 'Diane-marie');
insert into category (id, name) values (247, 'Alica');
insert into category (id, name) values (248, 'Lyndel');
insert into category (id, name) values (249, 'Leone');
insert into category (id, name) values (250, 'Veronike');
insert into category (id, name) values (251, 'Gwendolen');
insert into category (id, name) values (252, 'Angie');
insert into category (id, name) values (253, 'Witty');
insert into category (id, name) values (254, 'Etan');
insert into category (id, name) values (255, 'Gabbi');
insert into category (id, name) values (256, 'Erminia');
insert into category (id, name) values (257, 'Carry');
insert into category (id, name) values (258, 'Theadora');
insert into category (id, name) values (259, 'Morena');
insert into category (id, name) values (260, 'Anatollo');
insert into category (id, name) values (261, 'Peterus');
insert into category (id, name) values (262, 'Jena');
insert into category (id, name) values (263, 'Georgena');
insert into category (id, name) values (264, 'Parke');
insert into category (id, name) values (265, 'Arluene');
insert into category (id, name) values (266, 'Cyrillus');
insert into category (id, name) values (267, 'Aluino');
insert into category (id, name) values (268, 'Marj');
insert into category (id, name) values (269, 'Nan');
insert into category (id, name) values (270, 'Giustina');
insert into category (id, name) values (271, 'Jackquelin');
insert into category (id, name) values (272, 'Bridie');
insert into category (id, name) values (273, 'Kelci');
insert into category (id, name) values (274, 'Margarita');
insert into category (id, name) values (275, 'Harvey');
insert into category (id, name) values (276, 'Davy');
insert into category (id, name) values (277, 'Ric');
insert into category (id, name) values (278, 'Roy');
insert into category (id, name) values (279, 'Christophe');
insert into category (id, name) values (280, 'Gabriela');
insert into category (id, name) values (281, 'Rodrick');
insert into category (id, name) values (282, 'Ardith');
insert into category (id, name) values (283, 'Lanni');
insert into category (id, name) values (284, 'Haley');
insert into category (id, name) values (285, 'Madalyn');
insert into category (id, name) values (286, 'Antin');
insert into category (id, name) values (287, 'Walt');
insert into category (id, name) values (288, 'Isaiah');
insert into category (id, name) values (289, 'Judas');
insert into category (id, name) values (290, 'Bonnee');
insert into category (id, name) values (291, 'Roger');
insert into category (id, name) values (292, 'Anallese');
insert into category (id, name) values (293, 'Zandra');
insert into category (id, name) values (294, 'Seward');
insert into category (id, name) values (295, 'Sallyanne');
insert into category (id, name) values (296, 'Cassandry');
insert into category (id, name) values (297, 'Allyn');
insert into category (id, name) values (298, 'Bernie');
insert into category (id, name) values (299, 'Petronia');
insert into category (id, name) values (300, 'Chrystal');
insert into category (id, name) values (301, 'Obidiah');
insert into category (id, name) values (302, 'Kerrill');
insert into category (id, name) values (303, 'Lambert');
insert into category (id, name) values (304, 'Gerry');
insert into category (id, name) values (305, 'Shari');
insert into category (id, name) values (306, 'Krystal');
insert into category (id, name) values (307, 'North');
insert into category (id, name) values (308, 'Aarika');
insert into category (id, name) values (309, 'Shelby');
insert into category (id, name) values (310, 'Kati');
insert into category (id, name) values (311, 'Ardelis');
insert into category (id, name) values (312, 'Bar');
insert into category (id, name) values (313, 'Gussie');
insert into category (id, name) values (314, 'Konstanze');
insert into category (id, name) values (315, 'Griffith');
insert into category (id, name) values (316, 'Iosep');
insert into category (id, name) values (317, 'Zola');
insert into category (id, name) values (318, 'Constanta');
insert into category (id, name) values (319, 'Penny');
insert into category (id, name) values (320, 'Alyse');
insert into category (id, name) values (321, 'Meir');
insert into category (id, name) values (322, 'Augie');
insert into category (id, name) values (323, 'April');
insert into category (id, name) values (324, 'Salomone');
insert into category (id, name) values (325, 'Holt');
insert into category (id, name) values (326, 'Roland');
insert into category (id, name) values (327, 'Shana');
insert into category (id, name) values (328, 'Aleen');
insert into category (id, name) values (329, 'Sly');
insert into category (id, name) values (330, 'Zacharie');
insert into category (id, name) values (331, 'Currey');
insert into category (id, name) values (332, 'Cissy');
insert into category (id, name) values (333, 'Fern');
insert into category (id, name) values (334, 'Inga');
insert into category (id, name) values (335, 'Sergio');
insert into category (id, name) values (336, 'Teddi');
insert into category (id, name) values (337, 'Morissa');
insert into category (id, name) values (338, 'Xymenes');
insert into category (id, name) values (339, 'Cozmo');
insert into category (id, name) values (340, 'Walsh');
insert into category (id, name) values (341, 'Lynda');
insert into category (id, name) values (342, 'Theressa');
insert into category (id, name) values (343, 'Sharyl');
insert into category (id, name) values (344, 'Fonsie');
insert into category (id, name) values (345, 'Odette');
insert into category (id, name) values (346, 'Carlo');
insert into category (id, name) values (347, 'Dennis');
insert into category (id, name) values (348, 'Annie');
insert into category (id, name) values (349, 'Shanta');
insert into category (id, name) values (350, 'Garth');
insert into category (id, name) values (351, 'Whitaker');
insert into category (id, name) values (352, 'Grete');
insert into category (id, name) values (353, 'Damaris');
insert into category (id, name) values (354, 'Jessa');
insert into category (id, name) values (355, 'Nikkie');
insert into category (id, name) values (356, 'Dori');
insert into category (id, name) values (357, 'Pauletta');
insert into category (id, name) values (358, 'Nicko');
insert into category (id, name) values (359, 'Ralph');
insert into category (id, name) values (360, 'El');
insert into category (id, name) values (361, 'Eudora');
insert into category (id, name) values (362, 'Raynor');
insert into category (id, name) values (363, 'Cari');
insert into category (id, name) values (364, 'North');
insert into category (id, name) values (365, 'Dorris');
insert into category (id, name) values (366, 'Charlton');
insert into category (id, name) values (367, 'Marillin');
insert into category (id, name) values (368, 'Zollie');
insert into category (id, name) values (369, 'Perle');
insert into category (id, name) values (370, 'Clem');
insert into category (id, name) values (371, 'Berk');
insert into category (id, name) values (372, 'Raf');
insert into category (id, name) values (373, 'Tresa');
insert into category (id, name) values (374, 'Judye');
insert into category (id, name) values (375, 'Esmeralda');
insert into category (id, name) values (376, 'Lea');
insert into category (id, name) values (377, 'Irvine');
insert into category (id, name) values (378, 'Fifi');
insert into category (id, name) values (379, 'Kirk');
insert into category (id, name) values (380, 'Chance');
insert into category (id, name) values (381, 'Druci');
insert into category (id, name) values (382, 'Verine');
insert into category (id, name) values (383, 'Kaycee');
insert into category (id, name) values (384, 'Leigha');
insert into category (id, name) values (385, 'Zita');
insert into category (id, name) values (386, 'Gian');
insert into category (id, name) values (387, 'Nicky');
insert into category (id, name) values (388, 'Chloette');
insert into category (id, name) values (389, 'Dimitri');
insert into category (id, name) values (390, 'Amelia');
insert into category (id, name) values (391, 'Wilhelmina');
insert into category (id, name) values (392, 'Abbey');
insert into category (id, name) values (393, 'Davide');
insert into category (id, name) values (394, 'Clarette');
insert into category (id, name) values (395, 'Katleen');
insert into category (id, name) values (396, 'Judon');
insert into category (id, name) values (397, 'Camile');
insert into category (id, name) values (398, 'Sanson');
insert into category (id, name) values (399, 'Odessa');
insert into category (id, name) values (400, 'Dennison');
insert into category (id, name) values (401, 'Lalo');
insert into category (id, name) values (402, 'Dulcea');
insert into category (id, name) values (403, 'Malorie');
insert into category (id, name) values (404, 'Koenraad');
insert into category (id, name) values (405, 'Talya');
insert into category (id, name) values (406, 'Felike');
insert into category (id, name) values (407, 'Jerrie');
insert into category (id, name) values (408, 'Starr');
insert into category (id, name) values (409, 'Lacy');
insert into category (id, name) values (410, 'Evy');
insert into category (id, name) values (411, 'Monti');
insert into category (id, name) values (412, 'Ulrikaumeko');
insert into category (id, name) values (413, 'Steffen');
insert into category (id, name) values (414, 'Sara-ann');
insert into category (id, name) values (415, 'Temp');
insert into category (id, name) values (416, 'Cecil');
insert into category (id, name) values (417, 'Lief');
insert into category (id, name) values (418, 'Trumann');
insert into category (id, name) values (419, 'Myrtie');
insert into category (id, name) values (420, 'Katlin');
insert into category (id, name) values (421, 'Neila');
insert into category (id, name) values (422, 'Gifford');
insert into category (id, name) values (423, 'Barthel');
insert into category (id, name) values (424, 'Pedro');
insert into category (id, name) values (425, 'Vina');
insert into category (id, name) values (426, 'Diannne');
insert into category (id, name) values (427, 'Sloan');
insert into category (id, name) values (428, 'Fara');
insert into category (id, name) values (429, 'Salmon');
insert into category (id, name) values (430, 'Spenser');
insert into category (id, name) values (431, 'Eustace');
insert into category (id, name) values (432, 'Jerrine');
insert into category (id, name) values (433, 'Ilaire');
insert into category (id, name) values (434, 'Cyrus');
insert into category (id, name) values (435, 'Edgardo');
insert into category (id, name) values (436, 'Phelia');
insert into category (id, name) values (437, 'Gus');
insert into category (id, name) values (438, 'Jordanna');
insert into category (id, name) values (439, 'Aurie');
insert into category (id, name) values (440, 'Leslie');
insert into category (id, name) values (441, 'Minnnie');
insert into category (id, name) values (442, 'Olympia');
insert into category (id, name) values (443, 'Silva');
insert into category (id, name) values (444, 'Amalia');
insert into category (id, name) values (445, 'Say');
insert into category (id, name) values (446, 'Leigh');
insert into category (id, name) values (447, 'Aubree');
insert into category (id, name) values (448, 'Drucie');
insert into category (id, name) values (449, 'Erskine');
insert into category (id, name) values (450, 'Luz');
insert into category (id, name) values (451, 'Minetta');
insert into category (id, name) values (452, 'Sheena');
insert into category (id, name) values (453, 'Bryana');
insert into category (id, name) values (454, 'Susi');
insert into category (id, name) values (455, 'Zolly');
insert into category (id, name) values (456, 'Bartolomeo');
insert into category (id, name) values (457, 'Sibylla');
insert into category (id, name) values (458, 'Kattie');
insert into category (id, name) values (459, 'Ellswerth');
insert into category (id, name) values (460, 'Bill');
insert into category (id, name) values (461, 'Godfrey');
insert into category (id, name) values (462, 'Chancey');
insert into category (id, name) values (463, 'Chaim');
insert into category (id, name) values (464, 'Kym');
insert into category (id, name) values (465, 'Margeaux');
insert into category (id, name) values (466, 'Nikki');
insert into category (id, name) values (467, 'Bryan');
insert into category (id, name) values (468, 'Tommie');
insert into category (id, name) values (469, 'Darcy');
insert into category (id, name) values (470, 'Anabella');
insert into category (id, name) values (471, 'Glenden');
insert into category (id, name) values (472, 'Lilllie');
insert into category (id, name) values (473, 'Cross');
insert into category (id, name) values (474, 'Jed');
insert into category (id, name) values (475, 'Tudor');
insert into category (id, name) values (476, 'Ripley');
insert into category (id, name) values (477, 'Darnell');
insert into category (id, name) values (478, 'Alva');
insert into category (id, name) values (479, 'Abeu');
insert into category (id, name) values (480, 'Joane');
insert into category (id, name) values (481, 'Duky');
insert into category (id, name) values (482, 'Bard');
insert into category (id, name) values (483, 'Shurwood');
insert into category (id, name) values (484, 'Judith');
insert into category (id, name) values (485, 'Milly');
insert into category (id, name) values (486, 'Charmine');
insert into category (id, name) values (487, 'Fabien');
insert into category (id, name) values (488, 'Adele');
insert into category (id, name) values (489, 'Vicki');
insert into category (id, name) values (490, 'Skyler');
insert into category (id, name) values (491, 'Elsa');
insert into category (id, name) values (492, 'Hildy');
insert into category (id, name) values (493, 'Adora');
insert into category (id, name) values (494, 'Nobe');
insert into category (id, name) values (495, 'Benedetto');
insert into category (id, name) values (496, 'Morton');
insert into category (id, name) values (497, 'Raffaello');
insert into category (id, name) values (498, 'Frankie');
insert into category (id, name) values (499, 'Emlyn');
insert into category (id, name) values (500, 'Jeremiah');

--
insert into products (id, name, price, rating, category_id) values (1, 'Lukas', 73, '', 1);
insert into products (id, name, price, rating, category_id) values (2, 'Dalston', 82, '', 2);
insert into products (id, name, price, rating, category_id) values (3, 'Nicolea', 92, '', 3);
insert into products (id, name, price, rating, category_id) values (4, 'Alfonse', 32, '', 12);
insert into products (id, name, price, rating, category_id) values (5, 'Humfrey', 13, '', 5);
insert into products (id, name, price, rating, category_id) values (6, 'Darbie', 34, '', 6);
insert into products (id, name, price, rating, category_id) values (7, 'Milo', 69, '', 7);
insert into products (id, name, price, rating, category_id) values (8, 'Bartholomeo', 83, '', 8);
insert into products (id, name, price, rating, category_id) values (9, 'Kylen', 8, '', 9);
insert into products (id, name, price, rating, category_id) values (10, 'Cecil', 22, '', 10);
insert into products (id, name, price, rating, category_id) values (11, 'Suzy', 64, '', 11);
insert into products (id, name, price, rating, category_id) values (12, 'Hamnet', 84, '', 12);
insert into products (id, name, price, rating, category_id) values (13, 'Maia', 96, '', 13);
insert into products (id, name, price, rating, category_id) values (14, 'Dolly', 53, '', 14);
insert into products (id, name, price, rating, category_id) values (15, 'Saul', 65, '', 15);
insert into products (id, name, price, rating, category_id) values (16, 'Marcus', 80, '', 16);
insert into products (id, name, price, rating, category_id) values (17, 'Eustacia', 65, '', 17);
insert into products (id, name, price, rating, category_id) values (18, 'Con', 99, '', 18);
insert into products (id, name, price, rating, category_id) values (19, 'Rosalinde', 5, '', 19);
insert into products (id, name, price, rating, category_id) values (20, 'Mahmoud', 96, '', 20);
insert into products (id, name, price, rating, category_id) values (21, 'Dorine', 12, '', 21);
insert into products (id, name, price, rating, category_id) values (22, 'Auberta', 13, '', 22);
insert into products (id, name, price, rating, category_id) values (23, 'Mayne', 69, '', 23);
insert into products (id, name, price, rating, category_id) values (24, 'Georgia', 33, '', 24);
insert into products (id, name, price, rating, category_id) values (25, 'Hurley', 53, '', 25);
insert into products (id, name, price, rating, category_id) values (26, 'Ninetta', 79, '', 26);
insert into products (id, name, price, rating, category_id) values (27, 'Frances', 16, '', 27);
insert into products (id, name, price, rating, category_id) values (28, 'Peadar', 79, '', 28);
insert into products (id, name, price, rating, category_id) values (29, 'Brear', 91, '', 29);
insert into products (id, name, price, rating, category_id) values (30, 'Ivar', 23, '', 30);
insert into products (id, name, price, rating, category_id) values (31, 'Cammy', 7, '', 31);
insert into products (id, name, price, rating, category_id) values (32, 'Nilson', 16, '', 32);
insert into products (id, name, price, rating, category_id) values (33, 'Kathe', 47, '', 33);
insert into products (id, name, price, rating, category_id) values (34, 'Jaime', 7, '', 34);
insert into products (id, name, price, rating, category_id) values (35, 'Rolph', 37, '', 35);
insert into products (id, name, price, rating, category_id) values (36, 'Kort', 18, '', 36);
insert into products (id, name, price, rating, category_id) values (37, 'Dion', 4, '', 37);
insert into products (id, name, price, rating, category_id) values (38, 'Giustino', 89, '', 38);
insert into products (id, name, price, rating, category_id) values (39, 'Risa', 38, '', 39);
insert into products (id, name, price, rating, category_id) values (40, 'Kordula', 61, '', 40);
insert into products (id, name, price, rating, category_id) values (41, 'Aigneis', 56, '', 41);
insert into products (id, name, price, rating, category_id) values (42, 'Jarrad', 60, '', 42);
insert into products (id, name, price, rating, category_id) values (43, 'Gretal', 58, '', 43);
insert into products (id, name, price, rating, category_id) values (44, 'Trevor', 35, '', 44);
insert into products (id, name, price, rating, category_id) values (45, 'Dante', 32, '', 45);
insert into products (id, name, price, rating, category_id) values (46, 'Fallon', 40, '', 46);
insert into products (id, name, price, rating, category_id) values (47, 'Gus', 37, '', 47);
insert into products (id, name, price, rating, category_id) values (48, 'Lon', 6, '', 48);
insert into products (id, name, price, rating, category_id) values (49, 'Reba', 12, '', 49);
insert into products (id, name, price, rating, category_id) values (50, 'Alysa', 6, '', 50);
insert into products (id, name, price, rating, category_id) values (51, 'Joshua', 9, '', 51);
insert into products (id, name, price, rating, category_id) values (52, 'Luciana', 70, '', 52);
insert into products (id, name, price, rating, category_id) values (53, 'Myca', 64, '', 53);
insert into products (id, name, price, rating, category_id) values (54, 'Randal', 11, '', 54);
insert into products (id, name, price, rating, category_id) values (55, 'Damien', 99, '', 55);
insert into products (id, name, price, rating, category_id) values (56, 'Colin', 34, '', 12);
insert into products (id, name, price, rating, category_id) values (57, 'Syman', 29, '', 57);
insert into products (id, name, price, rating, category_id) values (58, 'Kris', 29, '', 58);
insert into products (id, name, price, rating, category_id) values (59, 'Purcell', 56, '', 59);
insert into products (id, name, price, rating, category_id) values (60, 'Kayla', 7, '', 60);
insert into products (id, name, price, rating, category_id) values (61, 'Anthe', 63, '', 61);
insert into products (id, name, price, rating, category_id) values (62, 'Audrie', 57, '', 62);
insert into products (id, name, price, rating, category_id) values (63, 'Meredith', 85, '', 63);
insert into products (id, name, price, rating, category_id) values (64, 'Jessika', 86, '', 64);
insert into products (id, name, price, rating, category_id) values (65, 'Hedvig', 46, '', 65);
insert into products (id, name, price, rating, category_id) values (66, 'Glyn', 100, '', 66);
insert into products (id, name, price, rating, category_id) values (67, 'Tatiana', 62, '', 67);
insert into products (id, name, price, rating, category_id) values (68, 'Cornell', 99, '', 68);
insert into products (id, name, price, rating, category_id) values (69, 'Nikola', 62, '', 69);
insert into products (id, name, price, rating, category_id) values (70, 'Wainwright', 23, '', 70);
insert into products (id, name, price, rating, category_id) values (71, 'Laura', 74, '', 71);
insert into products (id, name, price, rating, category_id) values (72, 'Gunar', 93, '', 72);
insert into products (id, name, price, rating, category_id) values (73, 'Doretta', 47, '', 73);
insert into products (id, name, price, rating, category_id) values (74, 'Yetty', 81, '', 74);
insert into products (id, name, price, rating, category_id) values (75, 'Aksel', 65, '', 75);
insert into products (id, name, price, rating, category_id) values (76, 'Wayland', 40, '', 76);
insert into products (id, name, price, rating, category_id) values (77, 'Reuben', 48, '', 77);
insert into products (id, name, price, rating, category_id) values (78, 'Mavra', 82, '', 78);
insert into products (id, name, price, rating, category_id) values (79, 'Christin', 92, '', 12);
insert into products (id, name, price, rating, category_id) values (80, 'Anallise', 39, '', 80);
insert into products (id, name, price, rating, category_id) values (81, 'Ellery', 54, '', 81);
insert into products (id, name, price, rating, category_id) values (82, 'Cindy', 81, '', 82);
insert into products (id, name, price, rating, category_id) values (83, 'Grazia', 55, '', 83);
insert into products (id, name, price, rating, category_id) values (84, 'Morris', 7, '', 84);
insert into products (id, name, price, rating, category_id) values (85, 'Ardeen', 15, '', 85);
insert into products (id, name, price, rating, category_id) values (86, 'Aggi', 60, '', 86);
insert into products (id, name, price, rating, category_id) values (87, 'Penny', 30, '', 87);
insert into products (id, name, price, rating, category_id) values (88, 'Giffard', 36, '', 88);
insert into products (id, name, price, rating, category_id) values (89, 'David', 31, '', 89);
insert into products (id, name, price, rating, category_id) values (90, 'Alric', 95, '', 90);
insert into products (id, name, price, rating, category_id) values (91, 'Joachim', 53, '', 91);
insert into products (id, name, price, rating, category_id) values (92, 'Archer', 93, '', 92);
insert into products (id, name, price, rating, category_id) values (93, 'Hugibert', 97, '', 93);
insert into products (id, name, price, rating, category_id) values (94, 'Zedekiah', 50, '', 94);
insert into products (id, name, price, rating, category_id) values (95, 'Emelia', 7, '', 95);
insert into products (id, name, price, rating, category_id) values (96, 'Poul', 40, '', 96);
insert into products (id, name, price, rating, category_id) values (97, 'Samuele', 83, '', 97);
insert into products (id, name, price, rating, category_id) values (98, 'Risa', 84, '', 98);
insert into products (id, name, price, rating, category_id) values (99, 'Onida', 20, '', 99);
insert into products (id, name, price, rating, category_id) values (100, 'Gabbie', 42, '', 100);
insert into products (id, name, price, rating, category_id) values (101, 'Pammy', 87, '', 101);
insert into products (id, name, price, rating, category_id) values (102, 'Damian', 33, '', 102);
insert into products (id, name, price, rating, category_id) values (103, 'Tallulah', 69, '', 23);
insert into products (id, name, price, rating, category_id) values (104, 'Allissa', 33, '', 104);
insert into products (id, name, price, rating, category_id) values (105, 'Geraldine', 30, '', 105);
insert into products (id, name, price, rating, category_id) values (106, 'Terencio', 74, '', 106);
insert into products (id, name, price, rating, category_id) values (107, 'Ashbey', 6, '', 107);
insert into products (id, name, price, rating, category_id) values (108, 'Ardella', 46, '', 108);
insert into products (id, name, price, rating, category_id) values (109, 'Paddy', 86, '', 109);
insert into products (id, name, price, rating, category_id) values (110, 'Anders', 23, '', 110);
insert into products (id, name, price, rating, category_id) values (111, 'Elvin', 28, '', 111);
insert into products (id, name, price, rating, category_id) values (112, 'Ashlin', 74, '', 112);
insert into products (id, name, price, rating, category_id) values (113, 'Emmie', 8, '', 113);
insert into products (id, name, price, rating, category_id) values (114, 'Rhiamon', 42, '', 114);
insert into products (id, name, price, rating, category_id) values (115, 'Jody', 27, '', 115);
insert into products (id, name, price, rating, category_id) values (116, 'Babette', 51, '', 23);
insert into products (id, name, price, rating, category_id) values (117, 'Meridel', 98, '', 117);
insert into products (id, name, price, rating, category_id) values (118, 'Lorianna', 14, '', 118);
insert into products (id, name, price, rating, category_id) values (119, 'Perren', 31, '', 119);
insert into products (id, name, price, rating, category_id) values (120, 'Elladine', 71, '', 120);
insert into products (id, name, price, rating, category_id) values (121, 'Tiebold', 54, '', 121);
insert into products (id, name, price, rating, category_id) values (122, 'Merissa', 39, '', 122);
insert into products (id, name, price, rating, category_id) values (123, 'Maryjo', 7, '', 123);
insert into products (id, name, price, rating, category_id) values (124, 'Darb', 15, '', 124);
insert into products (id, name, price, rating, category_id) values (125, 'Knox', 78, '', 125);
insert into products (id, name, price, rating, category_id) values (126, 'Kelbee', 1, '', 126);
insert into products (id, name, price, rating, category_id) values (127, 'Celina', 25, '', 127);
insert into products (id, name, price, rating, category_id) values (128, 'Jonell', 47, '', 128);
insert into products (id, name, price, rating, category_id) values (129, 'Arlen', 36, '', 129);
insert into products (id, name, price, rating, category_id) values (130, 'Kennan', 91, '', 130);
insert into products (id, name, price, rating, category_id) values (131, 'Colene', 70, '', 131);
insert into products (id, name, price, rating, category_id) values (132, 'Jeannette', 9, '', 132);
insert into products (id, name, price, rating, category_id) values (133, 'Emmeline', 80, '', 133);
insert into products (id, name, price, rating, category_id) values (134, 'Daloris', 29, '', 134);
insert into products (id, name, price, rating, category_id) values (135, 'Corty', 93, '', 135);
insert into products (id, name, price, rating, category_id) values (136, 'Stephen', 39, '', 136);
insert into products (id, name, price, rating, category_id) values (137, 'Melisa', 21, '', 23);
insert into products (id, name, price, rating, category_id) values (138, 'Janela', 72, '', 138);
insert into products (id, name, price, rating, category_id) values (139, 'Lark', 21, '', 139);
insert into products (id, name, price, rating, category_id) values (140, 'Avery', 73, '', 140);
insert into products (id, name, price, rating, category_id) values (141, 'Zorana', 51, '', 141);
insert into products (id, name, price, rating, category_id) values (142, 'Abbi', 52, '', 142);
insert into products (id, name, price, rating, category_id) values (143, 'Lyda', 91, '', 143);
insert into products (id, name, price, rating, category_id) values (144, 'Cristin', 6, '', 144);
insert into products (id, name, price, rating, category_id) values (145, 'Alta', 3, '', 145);
insert into products (id, name, price, rating, category_id) values (146, 'Rodney', 16, '', 146);
insert into products (id, name, price, rating, category_id) values (147, 'Hermina', 85, '', 147);
insert into products (id, name, price, rating, category_id) values (148, 'Dare', 98, '', 148);
insert into products (id, name, price, rating, category_id) values (149, 'Fedora', 13, '', 149);
insert into products (id, name, price, rating, category_id) values (150, 'Carola', 89, '', 150);
insert into products (id, name, price, rating, category_id) values (151, 'Aprilette', 31, '', 151);
insert into products (id, name, price, rating, category_id) values (152, 'Reinhold', 68, '', 152);
insert into products (id, name, price, rating, category_id) values (153, 'Rowe', 100, '', 153);
insert into products (id, name, price, rating, category_id) values (154, 'Vincent', 3, '', 154);
insert into products (id, name, price, rating, category_id) values (155, 'Stoddard', 58, '', 155);
insert into products (id, name, price, rating, category_id) values (156, 'Rad', 67, '', 156);
insert into products (id, name, price, rating, category_id) values (157, 'Cassius', 87, '', 157);
insert into products (id, name, price, rating, category_id) values (158, 'Kassie', 98, '', 158);
insert into products (id, name, price, rating, category_id) values (159, 'Janith', 91, '', 159);
insert into products (id, name, price, rating, category_id) values (160, 'Timmie', 50, '', 160);
insert into products (id, name, price, rating, category_id) values (161, 'Osborn', 71, '', 161);
insert into products (id, name, price, rating, category_id) values (162, 'Cheryl', 26, '', 162);
insert into products (id, name, price, rating, category_id) values (163, 'Emery', 53, '', 163);
insert into products (id, name, price, rating, category_id) values (164, 'Orrin', 1, '', 164);
insert into products (id, name, price, rating, category_id) values (165, 'Decca', 56, '', 165);
insert into products (id, name, price, rating, category_id) values (166, 'Fenelia', 69, '', 166);
insert into products (id, name, price, rating, category_id) values (167, 'Tadeas', 39, '', 167);
insert into products (id, name, price, rating, category_id) values (168, 'Blondelle', 84, '', 168);
insert into products (id, name, price, rating, category_id) values (169, 'Cristi', 80, '', 169);
insert into products (id, name, price, rating, category_id) values (170, 'Iolanthe', 59, '', 170);
insert into products (id, name, price, rating, category_id) values (171, 'Ricca', 15, '', 171);
insert into products (id, name, price, rating, category_id) values (172, 'Mikey', 56, '', 172);
insert into products (id, name, price, rating, category_id) values (173, 'Poppy', 52, '', 173);
insert into products (id, name, price, rating, category_id) values (174, 'Tawnya', 77, '', 174);
insert into products (id, name, price, rating, category_id) values (175, 'Wynny', 52, '', 175);
insert into products (id, name, price, rating, category_id) values (176, 'Johnette', 93, '', 176);
insert into products (id, name, price, rating, category_id) values (177, 'Janene', 77, '', 67);
insert into products (id, name, price, rating, category_id) values (178, 'Gabbie', 42, '', 178);
insert into products (id, name, price, rating, category_id) values (179, 'Sonni', 94, '', 179);
insert into products (id, name, price, rating, category_id) values (180, 'Justinian', 62, '', 180);
insert into products (id, name, price, rating, category_id) values (181, 'Nickola', 50, '', 181);
insert into products (id, name, price, rating, category_id) values (182, 'Sebastian', 79, '', 182);
insert into products (id, name, price, rating, category_id) values (183, 'Nester', 77, '', 183);
insert into products (id, name, price, rating, category_id) values (184, 'Evangelin', 62, '', 184);
insert into products (id, name, price, rating, category_id) values (185, 'Shoshana', 16, '', 185);
insert into products (id, name, price, rating, category_id) values (186, 'Casar', 90, '', 186);
insert into products (id, name, price, rating, category_id) values (187, 'Melisa', 38, '', 187);
insert into products (id, name, price, rating, category_id) values (188, 'Osborne', 62, '', 188);
insert into products (id, name, price, rating, category_id) values (189, 'Christophe', 27, '', 189);
insert into products (id, name, price, rating, category_id) values (190, 'Rafaelita', 86, '', 190);
insert into products (id, name, price, rating, category_id) values (191, 'Darcy', 18, '', 191);
insert into products (id, name, price, rating, category_id) values (192, 'Romola', 7, '', 192);
insert into products (id, name, price, rating, category_id) values (193, 'Cammi', 72, '', 193);
insert into products (id, name, price, rating, category_id) values (194, 'Philbert', 77, '', 194);
insert into products (id, name, price, rating, category_id) values (195, 'Jayme', 49, '', 195);
insert into products (id, name, price, rating, category_id) values (196, 'Lyndell', 7, '', 196);
insert into products (id, name, price, rating, category_id) values (197, 'Nolana', 57, '', 67);
insert into products (id, name, price, rating, category_id) values (198, 'Conny', 12, '', 198);
insert into products (id, name, price, rating, category_id) values (199, 'Vale', 20, '', 199);
insert into products (id, name, price, rating, category_id) values (200, 'Dwayne', 69, '', 200);
insert into products (id, name, price, rating, category_id) values (201, 'Wandis', 6, '', 201);
insert into products (id, name, price, rating, category_id) values (202, 'Eldon', 27, '', 202);
insert into products (id, name, price, rating, category_id) values (203, 'Mackenzie', 89, '', 203);
insert into products (id, name, price, rating, category_id) values (204, 'Kit', 6, '', 204);
insert into products (id, name, price, rating, category_id) values (205, 'Suzanne', 95, '', 205);
insert into products (id, name, price, rating, category_id) values (206, 'Demetris', 49, '', 206);
insert into products (id, name, price, rating, category_id) values (207, 'Jorey', 20, '', 207);
insert into products (id, name, price, rating, category_id) values (208, 'Sharon', 24, '', 208);
insert into products (id, name, price, rating, category_id) values (209, 'Torrance', 30, '', 209);
insert into products (id, name, price, rating, category_id) values (210, 'Rowena', 21, '', 210);
insert into products (id, name, price, rating, category_id) values (211, 'Egor', 20, '', 211);
insert into products (id, name, price, rating, category_id) values (212, 'Had', 63, '', 212);
insert into products (id, name, price, rating, category_id) values (213, 'Lotta', 24, '', 213);
insert into products (id, name, price, rating, category_id) values (214, 'Malina', 79, '', 100);
insert into products (id, name, price, rating, category_id) values (215, 'Engracia', 38, '', 215);
insert into products (id, name, price, rating, category_id) values (216, 'Ardella', 81, '', 216);
insert into products (id, name, price, rating, category_id) values (217, 'Joli', 17, '', 217);
insert into products (id, name, price, rating, category_id) values (218, 'Conny', 92, '', 218);
insert into products (id, name, price, rating, category_id) values (219, 'Michelina', 10, '', 219);
insert into products (id, name, price, rating, category_id) values (220, 'Annelise', 81, '', 220);
insert into products (id, name, price, rating, category_id) values (221, 'Dolf', 98, '', 100);
insert into products (id, name, price, rating, category_id) values (222, 'Ring', 12, '', 222);
insert into products (id, name, price, rating, category_id) values (223, 'Darnell', 32, '', 223);
insert into products (id, name, price, rating, category_id) values (224, 'Naomi', 7, '', 224);
insert into products (id, name, price, rating, category_id) values (225, 'Quintus', 44, '', 225);
insert into products (id, name, price, rating, category_id) values (226, 'Honoria', 3, '', 226);
insert into products (id, name, price, rating, category_id) values (227, 'Clarine', 27, '', 227);
insert into products (id, name, price, rating, category_id) values (228, 'Ammamaria', 92, '', 228);
insert into products (id, name, price, rating, category_id) values (229, 'Margaretha', 27, '', 229);
insert into products (id, name, price, rating, category_id) values (230, 'Darya', 86, '', 230);
insert into products (id, name, price, rating, category_id) values (231, 'Tanitansy', 32, '', 231);
insert into products (id, name, price, rating, category_id) values (232, 'Roger', 76, '', 100);
insert into products (id, name, price, rating, category_id) values (233, 'Sherline', 46, '', 233);
insert into products (id, name, price, rating, category_id) values (234, 'Jesus', 82, '', 234);
insert into products (id, name, price, rating, category_id) values (235, 'Esmaria', 3, '', 235);
insert into products (id, name, price, rating, category_id) values (236, 'Florie', 15, '', 236);
insert into products (id, name, price, rating, category_id) values (237, 'Moyra', 46, '', 237);
insert into products (id, name, price, rating, category_id) values (238, 'Coletta', 48, '', 238);
insert into products (id, name, price, rating, category_id) values (239, 'Axel', 96, '', 239);
insert into products (id, name, price, rating, category_id) values (240, 'Heall', 61, '', 240);
insert into products (id, name, price, rating, category_id) values (241, 'Marilyn', 31, '', 241);
insert into products (id, name, price, rating, category_id) values (242, 'Therine', 4, '', 242);
insert into products (id, name, price, rating, category_id) values (243, 'Ewan', 1, '', 243);
insert into products (id, name, price, rating, category_id) values (244, 'Malory', 47, '', 244);
insert into products (id, name, price, rating, category_id) values (245, 'Leonerd', 30, '', 245);
insert into products (id, name, price, rating, category_id) values (246, 'Job', 75, '', 246);
insert into products (id, name, price, rating, category_id) values (247, 'Millard', 62, '', 247);
insert into products (id, name, price, rating, category_id) values (248, 'Byram', 33, '', 248);
insert into products (id, name, price, rating, category_id) values (249, 'Amitie', 100, '', 249);
insert into products (id, name, price, rating, category_id) values (250, 'Chase', 72, '', 250);
insert into products (id, name, price, rating, category_id) values (251, 'Oliy', 51, '', 251);
insert into products (id, name, price, rating, category_id) values (252, 'Mariquilla', 100, '', 252);
insert into products (id, name, price, rating, category_id) values (253, 'Kayne', 14, '', 253);
insert into products (id, name, price, rating, category_id) values (254, 'Berny', 81, '', 254);
insert into products (id, name, price, rating, category_id) values (255, 'Kippy', 35, '', 255);
insert into products (id, name, price, rating, category_id) values (256, 'Caryl', 63, '', 256);
insert into products (id, name, price, rating, category_id) values (257, 'Maurise', 24, '', 257);
insert into products (id, name, price, rating, category_id) values (258, 'Waldo', 19, '', 258);
insert into products (id, name, price, rating, category_id) values (259, 'Reynolds', 25, '', 259);
insert into products (id, name, price, rating, category_id) values (260, 'Odell', 31, '', 260);
insert into products (id, name, price, rating, category_id) values (261, 'Rafaelia', 87, '', 261);
insert into products (id, name, price, rating, category_id) values (262, 'Haily', 42, '', 262);
insert into products (id, name, price, rating, category_id) values (263, 'Nanice', 83, '', 263);
insert into products (id, name, price, rating, category_id) values (264, 'Tedman', 50, '', 264);
insert into products (id, name, price, rating, category_id) values (265, 'Clement', 68, '', 265);
insert into products (id, name, price, rating, category_id) values (266, 'Sallyann', 78, '', 266);
insert into products (id, name, price, rating, category_id) values (267, 'Livy', 30, '', 267);
insert into products (id, name, price, rating, category_id) values (268, 'Brittani', 23, '', 268);
insert into products (id, name, price, rating, category_id) values (269, 'Costanza', 37, '', 269);
insert into products (id, name, price, rating, category_id) values (270, 'Mikael', 63, '', 270);
insert into products (id, name, price, rating, category_id) values (271, 'Art', 62, '', 271);
insert into products (id, name, price, rating, category_id) values (272, 'Celestyna', 89, '', 272);
insert into products (id, name, price, rating, category_id) values (273, 'Cele', 43, '', 273);
insert into products (id, name, price, rating, category_id) values (274, 'Bill', 23, '', 274);
insert into products (id, name, price, rating, category_id) values (275, 'Emory', 54, '', 275);
insert into products (id, name, price, rating, category_id) values (276, 'Marsha', 65, '', 276);
insert into products (id, name, price, rating, category_id) values (277, 'Fancy', 36, '', 277);
insert into products (id, name, price, rating, category_id) values (278, 'Benoite', 2, '', 278);
insert into products (id, name, price, rating, category_id) values (279, 'Gaby', 92, '', 279);
insert into products (id, name, price, rating, category_id) values (280, 'Meara', 46, '', 280);
insert into products (id, name, price, rating, category_id) values (281, 'Viviyan', 84, '', 281);
insert into products (id, name, price, rating, category_id) values (282, 'Tiebout', 85, '', 282);
insert into products (id, name, price, rating, category_id) values (283, 'Wenda', 66, '', 283);
insert into products (id, name, price, rating, category_id) values (284, 'Netta', 20, '', 284);
insert into products (id, name, price, rating, category_id) values (285, 'Ricky', 64, '', 285);
insert into products (id, name, price, rating, category_id) values (286, 'Christoper', 43, '', 286);
insert into products (id, name, price, rating, category_id) values (287, 'Gottfried', 63, '', 287);
insert into products (id, name, price, rating, category_id) values (288, 'Lorene', 96, '', 288);
insert into products (id, name, price, rating, category_id) values (289, 'Isabel', 100, '', 289);
insert into products (id, name, price, rating, category_id) values (290, 'Filmer', 24, '', 290);
insert into products (id, name, price, rating, category_id) values (291, 'Lauralee', 51, '', 291);
insert into products (id, name, price, rating, category_id) values (292, 'Englebert', 81, '', 292);
insert into products (id, name, price, rating, category_id) values (293, 'Lissa', 1, '', 293);
insert into products (id, name, price, rating, category_id) values (294, 'Anthiathia', 97, '', 294);
insert into products (id, name, price, rating, category_id) values (295, 'Lodovico', 76, '', 295);
insert into products (id, name, price, rating, category_id) values (296, 'Alic', 13, '', 296);
insert into products (id, name, price, rating, category_id) values (297, 'Marya', 65, '', 297);
insert into products (id, name, price, rating, category_id) values (298, 'Corilla', 90, '', 298);
insert into products (id, name, price, rating, category_id) values (299, 'Osmond', 50, '', 299);
insert into products (id, name, price, rating, category_id) values (300, 'Ronnie', 35, '', 300);
insert into products (id, name, price, rating, category_id) values (301, 'Lanny', 56, '', 301);
insert into products (id, name, price, rating, category_id) values (302, 'Ashlen', 17, '', 302);
insert into products (id, name, price, rating, category_id) values (303, 'Shelby', 96, '', 303);
insert into products (id, name, price, rating, category_id) values (304, 'Cos', 47, '', 304);
insert into products (id, name, price, rating, category_id) values (305, 'Johnny', 27, '', 305);
insert into products (id, name, price, rating, category_id) values (306, 'Matti', 40, '', 306);
insert into products (id, name, price, rating, category_id) values (307, 'Gay', 9, '', 307);
insert into products (id, name, price, rating, category_id) values (308, 'Palmer', 20, '', 308);
insert into products (id, name, price, rating, category_id) values (309, 'Andy', 10, '', 309);
insert into products (id, name, price, rating, category_id) values (310, 'Rutger', 63, '', 310);
insert into products (id, name, price, rating, category_id) values (311, 'Marena', 86, '', 311);
insert into products (id, name, price, rating, category_id) values (312, 'Humphrey', 2, '', 312);
insert into products (id, name, price, rating, category_id) values (313, 'Marcel', 25, '', 313);
insert into products (id, name, price, rating, category_id) values (314, 'Lovell', 37, '', 314);
insert into products (id, name, price, rating, category_id) values (315, 'Milka', 22, '', 315);
insert into products (id, name, price, rating, category_id) values (316, 'Mehetabel', 26, '', 316);
insert into products (id, name, price, rating, category_id) values (317, 'Ann', 22, '', 317);
insert into products (id, name, price, rating, category_id) values (318, 'Claudia', 82, '', 318);
insert into products (id, name, price, rating, category_id) values (319, 'Wayne', 14, '', 319);
insert into products (id, name, price, rating, category_id) values (320, 'Thedrick', 92, '', 320);
insert into products (id, name, price, rating, category_id) values (321, 'Abigael', 26, '', 321);
insert into products (id, name, price, rating, category_id) values (322, 'Noemi', 32, '', 322);
insert into products (id, name, price, rating, category_id) values (323, 'Winnifred', 40, '', 323);
insert into products (id, name, price, rating, category_id) values (324, 'Dorris', 79, '', 324);
insert into products (id, name, price, rating, category_id) values (325, 'Ernest', 4, '', 325);
insert into products (id, name, price, rating, category_id) values (326, 'Emlyn', 21, '', 326);
insert into products (id, name, price, rating, category_id) values (327, 'Francisca', 22, '', 327);
insert into products (id, name, price, rating, category_id) values (328, 'Dyann', 7, '', 328);
insert into products (id, name, price, rating, category_id) values (329, 'Kaia', 57, '', 329);
insert into products (id, name, price, rating, category_id) values (330, 'Reade', 43, '', 330);
insert into products (id, name, price, rating, category_id) values (331, 'Ag', 30, '', 331);
insert into products (id, name, price, rating, category_id) values (332, 'Kaylee', 69, '', 332);
insert into products (id, name, price, rating, category_id) values (333, 'Lenette', 98, '', 333);
insert into products (id, name, price, rating, category_id) values (334, 'Tally', 37, '', 334);
insert into products (id, name, price, rating, category_id) values (335, 'Elyse', 100, '', 335);
insert into products (id, name, price, rating, category_id) values (336, 'Marc', 25, '', 336);
insert into products (id, name, price, rating, category_id) values (337, 'Rowen', 76, '', 337);
insert into products (id, name, price, rating, category_id) values (338, 'Percy', 3, '', 338);
insert into products (id, name, price, rating, category_id) values (339, 'Hallie', 39, '', 339);
insert into products (id, name, price, rating, category_id) values (340, 'Tate', 24, '', 340);
insert into products (id, name, price, rating, category_id) values (341, 'Baudoin', 83, '', 341);
insert into products (id, name, price, rating, category_id) values (342, 'Calvin', 20, '', 342);
insert into products (id, name, price, rating, category_id) values (343, 'Zara', 61, '', 343);
insert into products (id, name, price, rating, category_id) values (344, 'Euphemia', 37, '', 344);
insert into products (id, name, price, rating, category_id) values (345, 'Loralee', 43, '', 345);
insert into products (id, name, price, rating, category_id) values (346, 'Mada', 97, '', 346);
insert into products (id, name, price, rating, category_id) values (347, 'Abra', 66, '', 347);
insert into products (id, name, price, rating, category_id) values (348, 'Huntlee', 67, '', 348);
insert into products (id, name, price, rating, category_id) values (349, 'Claresta', 66, '', 349);
insert into products (id, name, price, rating, category_id) values (350, 'Cherish', 17, '', 350);
insert into products (id, name, price, rating, category_id) values (351, 'Vidovic', 44, '', 351);
insert into products (id, name, price, rating, category_id) values (352, 'Vanya', 30, '', 352);
insert into products (id, name, price, rating, category_id) values (353, 'Alfred', 95, '', 353);
insert into products (id, name, price, rating, category_id) values (354, 'Ruben', 85, '', 354);
insert into products (id, name, price, rating, category_id) values (355, 'Sidnee', 78, '', 355);
insert into products (id, name, price, rating, category_id) values (356, 'Granville', 17, '', 356);
insert into products (id, name, price, rating, category_id) values (357, 'Eberto', 69, '', 357);
insert into products (id, name, price, rating, category_id) values (358, 'Genvieve', 3, '', 358);
insert into products (id, name, price, rating, category_id) values (359, 'Bruno', 18, '', 359);
insert into products (id, name, price, rating, category_id) values (360, 'Teodora', 44, '', 360);
insert into products (id, name, price, rating, category_id) values (361, 'Blakeley', 59, '', 361);
insert into products (id, name, price, rating, category_id) values (362, 'Rawley', 86, '', 362);
insert into products (id, name, price, rating, category_id) values (363, 'Fianna', 14, '', 363);
insert into products (id, name, price, rating, category_id) values (364, 'Antonella', 12, '', 364);
insert into products (id, name, price, rating, category_id) values (365, 'Reagen', 88, '', 365);
insert into products (id, name, price, rating, category_id) values (366, 'Linnet', 56, '', 366);
insert into products (id, name, price, rating, category_id) values (367, 'Yolande', 95, '', 367);
insert into products (id, name, price, rating, category_id) values (368, 'Boony', 2, '', 368);
insert into products (id, name, price, rating, category_id) values (369, 'Sissie', 86, '', 369);
insert into products (id, name, price, rating, category_id) values (370, 'Paulita', 97, '', 370);
insert into products (id, name, price, rating, category_id) values (371, 'Akim', 49, '', 371);
insert into products (id, name, price, rating, category_id) values (372, 'Tod', 15, '', 372);
insert into products (id, name, price, rating, category_id) values (373, 'Harriot', 47, '', 373);
insert into products (id, name, price, rating, category_id) values (374, 'Niles', 39, '', 374);
insert into products (id, name, price, rating, category_id) values (375, 'Audrye', 71, '', 375);
insert into products (id, name, price, rating, category_id) values (376, 'Britteny', 29, '', 376);
insert into products (id, name, price, rating, category_id) values (377, 'Virginie', 51, '', 377);
insert into products (id, name, price, rating, category_id) values (378, 'Louella', 31, '', 378);
insert into products (id, name, price, rating, category_id) values (379, 'Nance', 78, '', 379);
insert into products (id, name, price, rating, category_id) values (380, 'Vinnie', 21, '', 380);
insert into products (id, name, price, rating, category_id) values (381, 'Marcelline', 44, '', 381);
insert into products (id, name, price, rating, category_id) values (382, 'Sena', 17, '', 382);
insert into products (id, name, price, rating, category_id) values (383, 'Giffer', 42, '', 383);
insert into products (id, name, price, rating, category_id) values (384, 'Raddie', 78, '', 384);
insert into products (id, name, price, rating, category_id) values (385, 'Lonni', 76, '', 385);
insert into products (id, name, price, rating, category_id) values (386, 'Perry', 46, '', 386);
insert into products (id, name, price, rating, category_id) values (387, 'Wendall', 57, '', 387);
insert into products (id, name, price, rating, category_id) values (388, 'Corri', 17, '', 388);
insert into products (id, name, price, rating, category_id) values (389, 'Erwin', 66, '', 389);
insert into products (id, name, price, rating, category_id) values (390, 'Mart', 21, '', 390);
insert into products (id, name, price, rating, category_id) values (391, 'Leonie', 31, '', 391);
insert into products (id, name, price, rating, category_id) values (392, 'Giulio', 61, '', 392);
insert into products (id, name, price, rating, category_id) values (393, 'Viv', 67, '', 393);
insert into products (id, name, price, rating, category_id) values (394, 'Alameda', 78, '', 394);
insert into products (id, name, price, rating, category_id) values (395, 'Joann', 6, '', 395);
insert into products (id, name, price, rating, category_id) values (396, 'Fleming', 67, '', 396);
insert into products (id, name, price, rating, category_id) values (397, 'Geoffry', 46, '', 397);
insert into products (id, name, price, rating, category_id) values (398, 'Shepperd', 85, '', 398);
insert into products (id, name, price, rating, category_id) values (399, 'Haven', 55, '', 399);
insert into products (id, name, price, rating, category_id) values (400, 'Ardene', 91, '', 400);
insert into products (id, name, price, rating, category_id) values (401, 'Milton', 49, '', 401);
insert into products (id, name, price, rating, category_id) values (402, 'Tobias', 92, '', 402);
insert into products (id, name, price, rating, category_id) values (403, 'Benny', 18, '', 403);
insert into products (id, name, price, rating, category_id) values (404, 'Cameron', 40, '', 404);
insert into products (id, name, price, rating, category_id) values (405, 'Alecia', 23, '', 405);
insert into products (id, name, price, rating, category_id) values (406, 'Morgen', 22, '', 406);
insert into products (id, name, price, rating, category_id) values (407, 'Gordon', 21, '', 407);
insert into products (id, name, price, rating, category_id) values (408, 'Vladimir', 74, '', 408);
insert into products (id, name, price, rating, category_id) values (409, 'Caresse', 13, '', 409);
insert into products (id, name, price, rating, category_id) values (410, 'Stern', 80, '', 410);
insert into products (id, name, price, rating, category_id) values (411, 'Addy', 49, '', 411);
insert into products (id, name, price, rating, category_id) values (412, 'Loydie', 50, '', 412);
insert into products (id, name, price, rating, category_id) values (413, 'Paulina', 57, '', 413);
insert into products (id, name, price, rating, category_id) values (414, 'Astrid', 85, '', 414);
insert into products (id, name, price, rating, category_id) values (415, 'Milton', 58, '', 415);
insert into products (id, name, price, rating, category_id) values (416, 'Stormi', 6, '', 416);
insert into products (id, name, price, rating, category_id) values (417, 'Erina', 81, '', 417);
insert into products (id, name, price, rating, category_id) values (418, 'Egan', 50, '', 418);
insert into products (id, name, price, rating, category_id) values (419, 'Geoffrey', 17, '', 419);
insert into products (id, name, price, rating, category_id) values (420, 'Palmer', 70, '', 420);
insert into products (id, name, price, rating, category_id) values (421, 'Julie', 61, '', 421);
insert into products (id, name, price, rating, category_id) values (422, 'Elnore', 36, '', 422);
insert into products (id, name, price, rating, category_id) values (423, 'Cornell', 36, '', 423);
insert into products (id, name, price, rating, category_id) values (424, 'See', 56, '', 424);
insert into products (id, name, price, rating, category_id) values (425, 'Teddie', 64, '', 425);
insert into products (id, name, price, rating, category_id) values (426, 'Ronalda', 39, '', 426);
insert into products (id, name, price, rating, category_id) values (427, 'Celinka', 84, '', 427);
insert into products (id, name, price, rating, category_id) values (428, 'Diarmid', 73, '', 428);
insert into products (id, name, price, rating, category_id) values (429, 'Matilde', 30, '', 429);
insert into products (id, name, price, rating, category_id) values (430, 'Elberta', 70, '', 430);
insert into products (id, name, price, rating, category_id) values (431, 'Luz', 64, '', 431);
insert into products (id, name, price, rating, category_id) values (432, 'Patty', 75, '', 432);
insert into products (id, name, price, rating, category_id) values (433, 'Brett', 91, '', 433);
insert into products (id, name, price, rating, category_id) values (434, 'Hervey', 19, '', 434);
insert into products (id, name, price, rating, category_id) values (435, 'Trudi', 89, '', 435);
insert into products (id, name, price, rating, category_id) values (436, 'Lorena', 20, '', 436);
insert into products (id, name, price, rating, category_id) values (437, 'Appolonia', 66, '', 437);
insert into products (id, name, price, rating, category_id) values (438, 'Salvidor', 96, '', 438);
insert into products (id, name, price, rating, category_id) values (439, 'Lori', 67, '', 439);
insert into products (id, name, price, rating, category_id) values (440, 'Colly', 44, '', 440);
insert into products (id, name, price, rating, category_id) values (441, 'Cleo', 78, '', 441);
insert into products (id, name, price, rating, category_id) values (442, 'Hillel', 59, '', 442);
insert into products (id, name, price, rating, category_id) values (443, 'Danna', 58, '', 443);
insert into products (id, name, price, rating, category_id) values (444, 'Hamlen', 89, '', 444);
insert into products (id, name, price, rating, category_id) values (445, 'Josiah', 13, '', 445);
insert into products (id, name, price, rating, category_id) values (446, 'Adrien', 39, '', 446);
insert into products (id, name, price, rating, category_id) values (447, 'Camey', 32, '', 447);
insert into products (id, name, price, rating, category_id) values (448, 'Terrie', 42, '', 448);
insert into products (id, name, price, rating, category_id) values (449, 'Kristal', 74, '', 449);
insert into products (id, name, price, rating, category_id) values (450, 'Case', 76, '', 450);
insert into products (id, name, price, rating, category_id) values (451, 'Klara', 40, '', 451);
insert into products (id, name, price, rating, category_id) values (452, 'Iorgos', 34, '', 452);
insert into products (id, name, price, rating, category_id) values (453, 'Elva', 66, '', 453);
insert into products (id, name, price, rating, category_id) values (454, 'Jeni', 63, '', 454);
insert into products (id, name, price, rating, category_id) values (455, 'Diandra', 31, '', 455);
insert into products (id, name, price, rating, category_id) values (456, 'Cordie', 69, '', 456);
insert into products (id, name, price, rating, category_id) values (457, 'Robert', 71, '', 457);
insert into products (id, name, price, rating, category_id) values (458, 'Clayborn', 66, '', 458);
insert into products (id, name, price, rating, category_id) values (459, 'Maddy', 42, '', 459);
insert into products (id, name, price, rating, category_id) values (460, 'Lettie', 11, '', 460);
insert into products (id, name, price, rating, category_id) values (461, 'Thibaut', 99, '', 461);
insert into products (id, name, price, rating, category_id) values (462, 'Neville', 3, '', 462);
insert into products (id, name, price, rating, category_id) values (463, 'Alice', 10, '', 463);
insert into products (id, name, price, rating, category_id) values (464, 'Beatriz', 77, '', 464);
insert into products (id, name, price, rating, category_id) values (465, 'Nydia', 53, '', 465);
insert into products (id, name, price, rating, category_id) values (466, 'Sonnnie', 3, '', 466);
insert into products (id, name, price, rating, category_id) values (467, 'Cherilynn', 40, '', 467);
insert into products (id, name, price, rating, category_id) values (468, 'Dasie', 57, '', 468);
insert into products (id, name, price, rating, category_id) values (469, 'Phylis', 13, '', 469);
insert into products (id, name, price, rating, category_id) values (470, 'Dianne', 32, '', 470);
insert into products (id, name, price, rating, category_id) values (471, 'June', 88, '', 471);
insert into products (id, name, price, rating, category_id) values (472, 'Jasmina', 50, '', 472);
insert into products (id, name, price, rating, category_id) values (473, 'Sher', 93, '', 473);
insert into products (id, name, price, rating, category_id) values (474, 'Lukas', 23, '', 474);
insert into products (id, name, price, rating, category_id) values (475, 'Micheline', 98, '', 475);
insert into products (id, name, price, rating, category_id) values (476, 'Cordell', 59, '', 476);
insert into products (id, name, price, rating, category_id) values (477, 'Ashby', 7, '', 477);
insert into products (id, name, price, rating, category_id) values (478, 'Wiatt', 40, '', 478);
insert into products (id, name, price, rating, category_id) values (479, 'Leigha', 99, '', 479);
insert into products (id, name, price, rating, category_id) values (480, 'Jannel', 81, '', 480);
insert into products (id, name, price, rating, category_id) values (481, 'Frederica', 69, '', 481);
insert into products (id, name, price, rating, category_id) values (482, 'Dorey', 62, '', 482);
insert into products (id, name, price, rating, category_id) values (483, 'Obie', 30, '', 483);
insert into products (id, name, price, rating, category_id) values (484, 'Benny', 63, '', 484);
insert into products (id, name, price, rating, category_id) values (485, 'Gerladina', 75, '', 485);
insert into products (id, name, price, rating, category_id) values (486, 'Curr', 53, '', 486);
insert into products (id, name, price, rating, category_id) values (487, 'Dorette', 79, '', 487);
insert into products (id, name, price, rating, category_id) values (488, 'Sigismondo', 7, '', 488);
insert into products (id, name, price, rating, category_id) values (489, 'Freddy', 77, '', 489);
insert into products (id, name, price, rating, category_id) values (490, 'Constantin', 90, '', 490);
insert into products (id, name, price, rating, category_id) values (491, 'Cindee', 8, '', 491);
insert into products (id, name, price, rating, category_id) values (492, 'Korella', 91, '', 492);
insert into products (id, name, price, rating, category_id) values (493, 'Abelard', 51, '', 493);
insert into products (id, name, price, rating, category_id) values (494, 'Bonni', 73, '', 494);
insert into products (id, name, price, rating, category_id) values (495, 'Peggy', 70, '', 495);
insert into products (id, name, price, rating, category_id) values (496, 'Burt', 67, '', 496);
insert into products (id, name, price, rating, category_id) values (497, 'Roselia', 61, '', 497);
insert into products (id, name, price, rating, category_id) values (498, 'Ginelle', 25, '', 498);
insert into products (id, name, price, rating, category_id) values (499, 'Florie', 55, '', 499);
insert into products (id, name, price, rating, category_id) values (500, 'Winn', 38, '', 500);
--
insert into reviews (id, comment, user_id, product_id) values (1, 'pretty cool but it needs some modification in order to play', 1, 1);
insert into reviews (id, comment, user_id, product_id) values (2, 'pretty cool but it needs some modification in order to play', 2, 2);
insert into reviews (id, comment, user_id, product_id) values (3, 'pretty cool but it needs some modification in order to play', 3, 3);
insert into reviews (id, comment, user_id, product_id) values (4, 'pretty cool but it needs some modification in order to play', 4, 4);
insert into reviews (id, comment, user_id, product_id) values (5, 'pretty cool but it needs some modification in order to play', 5, 5);
insert into reviews (id, comment, user_id, product_id) values (6, 'pretty cool but it needs some modification in order to play', 6, 6);
insert into reviews (id, comment, user_id, product_id) values (7, 'pretty cool but it needs some modification in order to play', 7, 7);
insert into reviews (id, comment, user_id, product_id) values (8, 'pretty cool but it needs some modification in order to play', 8, 8);
insert into reviews (id, comment, user_id, product_id) values (9, 'pretty cool but it needs some modification in order to play', 9, 100);
insert into reviews (id, comment, user_id, product_id) values (10, 'pretty cool but it needs some modification in order to play', 10, 10);
insert into reviews (id, comment, user_id, product_id) values (11, 'pretty cool but it needs some modification in order to play', 11, 11);
insert into reviews (id, comment, user_id, product_id) values (12, 'pretty cool but it needs some modification in order to play', 12, 12);
insert into reviews (id, comment, user_id, product_id) values (13, 'pretty cool but it needs some modification in order to play', 13, 13);
insert into reviews (id, comment, user_id, product_id) values (14, 'pretty cool but it needs some modification in order to play', 14, 14);
insert into reviews (id, comment, user_id, product_id) values (15, 'pretty cool but it needs some modification in order to play', 15, 15);
insert into reviews (id, comment, user_id, product_id) values (16, 'pretty cool but it needs some modification in order to play', 16, 16);
insert into reviews (id, comment, user_id, product_id) values (17, 'pretty cool but it needs some modification in order to play', 17, 17);
insert into reviews (id, comment, user_id, product_id) values (18, 'pretty cool but it needs some modification in order to play', 18, 18);
insert into reviews (id, comment, user_id, product_id) values (19, 'pretty cool but it needs some modification in order to play', 19, 19);
insert into reviews (id, comment, user_id, product_id) values (20, 'pretty cool but it needs some modification in order to play', 20, 20);
insert into reviews (id, comment, user_id, product_id) values (21, 'pretty cool but it needs some modification in order to play', 21, 21);
insert into reviews (id, comment, user_id, product_id) values (22, 'pretty cool but it needs some modification in order to play', 22, 22);
insert into reviews (id, comment, user_id, product_id) values (23, 'pretty cool but it needs some modification in order to play', 100, 23);
insert into reviews (id, comment, user_id, product_id) values (24, 'pretty cool but it needs some modification in order to play', 24, 24);
insert into reviews (id, comment, user_id, product_id) values (25, 'pretty cool but it needs some modification in order to play', 25, 25);
insert into reviews (id, comment, user_id, product_id) values (26, 'pretty cool but it needs some modification in order to play', 26, 26);
insert into reviews (id, comment, user_id, product_id) values (27, 'pretty cool but it needs some modification in order to play', 27, 27);
insert into reviews (id, comment, user_id, product_id) values (28, 'pretty cool but it needs some modification in order to play', 28, 28);
insert into reviews (id, comment, user_id, product_id) values (29, 'pretty cool but it needs some modification in order to play', 29, 29);
insert into reviews (id, comment, user_id, product_id) values (30, 'pretty cool but it needs some modification in order to play', 30, 30);
insert into reviews (id, comment, user_id, product_id) values (31, 'pretty cool but it needs some modification in order to play', 31, 31);
insert into reviews (id, comment, user_id, product_id) values (32, 'pretty cool but it needs some modification in order to play', 32, 32);
insert into reviews (id, comment, user_id, product_id) values (33, 'pretty cool but it needs some modification in order to play', 33, 11);
insert into reviews (id, comment, user_id, product_id) values (34, 'pretty cool but it needs some modification in order to play', 34, 34);
insert into reviews (id, comment, user_id, product_id) values (35, 'pretty cool but it needs some modification in order to play', 35, 35);
insert into reviews (id, comment, user_id, product_id) values (36, 'pretty cool but it needs some modification in order to play', 36, 36);
insert into reviews (id, comment, user_id, product_id) values (37, 'pretty cool but it needs some modification in order to play', 37, 37);
insert into reviews (id, comment, user_id, product_id) values (38, 'pretty cool but it needs some modification in order to play', 38, 38);
insert into reviews (id, comment, user_id, product_id) values (39, 'pretty cool but it needs some modification in order to play', 39, 39);
insert into reviews (id, comment, user_id, product_id) values (40, 'pretty cool but it needs some modification in order to play', 40, 40);
insert into reviews (id, comment, user_id, product_id) values (41, 'pretty cool but it needs some modification in order to play', 41, 41);
insert into reviews (id, comment, user_id, product_id) values (42, 'pretty cool but it needs some modification in order to play', 42, 42);
insert into reviews (id, comment, user_id, product_id) values (43, 'pretty cool but it needs some modification in order to play', 43, 43);
insert into reviews (id, comment, user_id, product_id) values (44, 'pretty cool but it needs some modification in order to play', 44, 44);
insert into reviews (id, comment, user_id, product_id) values (45, 'pretty cool but it needs some modification in order to play', 45, 45);
insert into reviews (id, comment, user_id, product_id) values (46, 'pretty cool but it needs some modification in order to play', 46, 46);
insert into reviews (id, comment, user_id, product_id) values (47, 'pretty cool but it needs some modification in order to play', 47, 47);
insert into reviews (id, comment, user_id, product_id) values (48, 'pretty cool but it needs some modification in order to play', 48, 48);
insert into reviews (id, comment, user_id, product_id) values (49, 'pretty cool but it needs some modification in order to play', 49, 49);
insert into reviews (id, comment, user_id, product_id) values (50, 'pretty cool but it needs some modification in order to play', 50, 50);
insert into reviews (id, comment, user_id, product_id) values (51, 'pretty cool but it needs some modification in order to play', 51, 51);
insert into reviews (id, comment, user_id, product_id) values (52, 'pretty cool but it needs some modification in order to play', 52, 52);
insert into reviews (id, comment, user_id, product_id) values (53, 'pretty cool but it needs some modification in order to play', 53, 53);
insert into reviews (id, comment, user_id, product_id) values (54, 'pretty cool but it needs some modification in order to play', 54, 54);
insert into reviews (id, comment, user_id, product_id) values (55, 'pretty cool but it needs some modification in order to play', 55, 55);
insert into reviews (id, comment, user_id, product_id) values (56, 'pretty cool but it needs some modification in order to play', 56, 56);
insert into reviews (id, comment, user_id, product_id) values (57, 'pretty cool but it needs some modification in order to play', 57, 57);
insert into reviews (id, comment, user_id, product_id) values (58, 'pretty cool but it needs some modification in order to play', 58, 11);
insert into reviews (id, comment, user_id, product_id) values (59, 'pretty cool but it needs some modification in order to play', 59, 59);
insert into reviews (id, comment, user_id, product_id) values (60, 'pretty cool but it needs some modification in order to play', 60, 60);
insert into reviews (id, comment, user_id, product_id) values (61, 'pretty cool but it needs some modification in order to play', 61, 61);
insert into reviews (id, comment, user_id, product_id) values (62, 'pretty cool but it needs some modification in order to play', 62, 62);
insert into reviews (id, comment, user_id, product_id) values (63, 'pretty cool but it needs some modification in order to play', 63, 63);
insert into reviews (id, comment, user_id, product_id) values (64, 'pretty cool but it needs some modification in order to play', 64, 64);
insert into reviews (id, comment, user_id, product_id) values (65, 'pretty cool but it needs some modification in order to play', 65, 65);
insert into reviews (id, comment, user_id, product_id) values (66, 'pretty cool but it needs some modification in order to play', 66, 66);
insert into reviews (id, comment, user_id, product_id) values (67, 'pretty cool but it needs some modification in order to play', 67, 67);
insert into reviews (id, comment, user_id, product_id) values (68, 'pretty cool but it needs some modification in order to play', 68, 68);
insert into reviews (id, comment, user_id, product_id) values (69, 'pretty cool but it needs some modification in order to play', 69, 69);
insert into reviews (id, comment, user_id, product_id) values (70, 'pretty cool but it needs some modification in order to play', 70, 70);
insert into reviews (id, comment, user_id, product_id) values (71, 'pretty cool but it needs some modification in order to play', 100, 71);
insert into reviews (id, comment, user_id, product_id) values (72, 'pretty cool but it needs some modification in order to play', 72, 72);
insert into reviews (id, comment, user_id, product_id) values (73, 'pretty cool but it needs some modification in order to play', 73, 73);
insert into reviews (id, comment, user_id, product_id) values (74, 'pretty cool but it needs some modification in order to play', 74, 74);
insert into reviews (id, comment, user_id, product_id) values (75, 'pretty cool but it needs some modification in order to play', 75, 75);
insert into reviews (id, comment, user_id, product_id) values (76, 'pretty cool but it needs some modification in order to play', 76, 76);
insert into reviews (id, comment, user_id, product_id) values (77, 'pretty cool but it needs some modification in order to play', 77, 77);
insert into reviews (id, comment, user_id, product_id) values (78, 'pretty cool but it needs some modification in order to play', 78, 78);
insert into reviews (id, comment, user_id, product_id) values (79, 'pretty cool but it needs some modification in order to play', 79, 79);
insert into reviews (id, comment, user_id, product_id) values (80, 'pretty cool but it needs some modification in order to play', 80, 80);
insert into reviews (id, comment, user_id, product_id) values (81, 'pretty cool but it needs some modification in order to play', 81, 81);
insert into reviews (id, comment, user_id, product_id) values (82, 'pretty cool but it needs some modification in order to play', 82, 82);
insert into reviews (id, comment, user_id, product_id) values (83, 'pretty cool but it needs some modification in order to play', 83, 83);
insert into reviews (id, comment, user_id, product_id) values (84, 'pretty cool but it needs some modification in order to play', 84, 84);
insert into reviews (id, comment, user_id, product_id) values (85, 'pretty cool but it needs some modification in order to play', 85, 85);
insert into reviews (id, comment, user_id, product_id) values (86, 'pretty cool but it needs some modification in order to play', 86, 86);
insert into reviews (id, comment, user_id, product_id) values (87, 'pretty cool but it needs some modification in order to play', 87, 87);
insert into reviews (id, comment, user_id, product_id) values (88, 'pretty cool but it needs some modification in order to play', 88, 88);
insert into reviews (id, comment, user_id, product_id) values (89, 'pretty cool but it needs some modification in order to play', 89, 89);
insert into reviews (id, comment, user_id, product_id) values (90, 'pretty cool but it needs some modification in order to play', 90, 100);
insert into reviews (id, comment, user_id, product_id) values (91, 'pretty cool but it needs some modification in order to play', 91, 91);
insert into reviews (id, comment, user_id, product_id) values (92, 'pretty cool but it needs some modification in order to play', 92, 92);
insert into reviews (id, comment, user_id, product_id) values (93, 'pretty cool but it needs some modification in order to play', 100, 93);
insert into reviews (id, comment, user_id, product_id) values (94, 'pretty cool but it needs some modification in order to play', 94, 94);
insert into reviews (id, comment, user_id, product_id) values (95, 'pretty cool but it needs some modification in order to play', 95, 95);
insert into reviews (id, comment, user_id, product_id) values (96, 'pretty cool but it needs some modification in order to play', 96, 96);
insert into reviews (id, comment, user_id, product_id) values (97, 'pretty cool but it needs some modification in order to play', 97, 97);
insert into reviews (id, comment, user_id, product_id) values (98, 'pretty cool but it needs some modification in order to play', 98, 98);
insert into reviews (id, comment, user_id, product_id) values (99, 'pretty cool but it needs some modification in order to play', 99, 99);
insert into reviews (id, comment, user_id, product_id) values (100, 'pretty cool but it needs some modification in order to play', 100, 100);
insert into reviews (id, comment, user_id, product_id) values (101, 'pretty cool but it needs some modification in order to play', 101, 101);
insert into reviews (id, comment, user_id, product_id) values (102, 'pretty cool but it needs some modification in order to play', 102, 102);
insert into reviews (id, comment, user_id, product_id) values (103, 'pretty cool but it needs some modification in order to play', 103, 103);
insert into reviews (id, comment, user_id, product_id) values (104, 'pretty cool but it needs some modification in order to play', 104, 104);
insert into reviews (id, comment, user_id, product_id) values (105, 'pretty cool but it needs some modification in order to play', 105, 105);
insert into reviews (id, comment, user_id, product_id) values (106, 'pretty cool but it needs some modification in order to play', 106, 106);
insert into reviews (id, comment, user_id, product_id) values (107, 'pretty cool but it needs some modification in order to play', 107, 107);
insert into reviews (id, comment, user_id, product_id) values (108, 'pretty cool but it needs some modification in order to play', 108, 108);
insert into reviews (id, comment, user_id, product_id) values (109, 'pretty cool but it needs some modification in order to play', 109, 109);
insert into reviews (id, comment, user_id, product_id) values (110, 'pretty cool but it needs some modification in order to play', 110, 110);
insert into reviews (id, comment, user_id, product_id) values (111, 'pretty cool but it needs some modification in order to play', 111, 111);
insert into reviews (id, comment, user_id, product_id) values (112, 'pretty cool but it needs some modification in order to play', 112, 112);
insert into reviews (id, comment, user_id, product_id) values (113, 'pretty cool but it needs some modification in order to play', 113, 113);
insert into reviews (id, comment, user_id, product_id) values (114, 'pretty cool but it needs some modification in order to play', 114, 114);
insert into reviews (id, comment, user_id, product_id) values (115, 'pretty cool but it needs some modification in order to play', 115, 115);
insert into reviews (id, comment, user_id, product_id) values (116, 'pretty cool but it needs some modification in order to play', 116, 116);
insert into reviews (id, comment, user_id, product_id) values (117, 'pretty cool but it needs some modification in order to play', 117, 117);
insert into reviews (id, comment, user_id, product_id) values (118, 'pretty cool but it needs some modification in order to play', 118, 11);
insert into reviews (id, comment, user_id, product_id) values (119, 'pretty cool but it needs some modification in order to play', 119, 119);
insert into reviews (id, comment, user_id, product_id) values (120, 'pretty cool but it needs some modification in order to play', 120, 120);
insert into reviews (id, comment, user_id, product_id) values (121, 'pretty cool but it needs some modification in order to play', 121, 121);
insert into reviews (id, comment, user_id, product_id) values (122, 'pretty cool but it needs some modification in order to play', 122, 122);
insert into reviews (id, comment, user_id, product_id) values (123, 'pretty cool but it needs some modification in order to play', 123, 123);
insert into reviews (id, comment, user_id, product_id) values (124, 'pretty cool but it needs some modification in order to play', 130, 124);
insert into reviews (id, comment, user_id, product_id) values (125, 'pretty cool but it needs some modification in order to play', 125, 125);
insert into reviews (id, comment, user_id, product_id) values (126, 'pretty cool but it needs some modification in order to play', 126, 126);
insert into reviews (id, comment, user_id, product_id) values (127, 'pretty cool but it needs some modification in order to play', 127, 127);
insert into reviews (id, comment, user_id, product_id) values (128, 'pretty cool but it needs some modification in order to play', 128, 128);
insert into reviews (id, comment, user_id, product_id) values (129, 'pretty cool but it needs some modification in order to play', 129, 129);
insert into reviews (id, comment, user_id, product_id) values (130, 'pretty cool but it needs some modification in order to play', 130, 130);
insert into reviews (id, comment, user_id, product_id) values (131, 'pretty cool but it needs some modification in order to play', 131, 131);
insert into reviews (id, comment, user_id, product_id) values (132, 'pretty cool but it needs some modification in order to play', 132, 132);
insert into reviews (id, comment, user_id, product_id) values (133, 'pretty cool but it needs some modification in order to play', 133, 133);
insert into reviews (id, comment, user_id, product_id) values (134, 'pretty cool but it needs some modification in order to play', 134, 134);
insert into reviews (id, comment, user_id, product_id) values (135, 'pretty cool but it needs some modification in order to play', 135, 135);
insert into reviews (id, comment, user_id, product_id) values (136, 'pretty cool but it needs some modification in order to play', 136, 136);
insert into reviews (id, comment, user_id, product_id) values (137, 'pretty cool but it needs some modification in order to play', 137, 137);
insert into reviews (id, comment, user_id, product_id) values (138, 'pretty cool but it needs some modification in order to play', 138, 100);
insert into reviews (id, comment, user_id, product_id) values (139, 'pretty cool but it needs some modification in order to play', 139, 139);
insert into reviews (id, comment, user_id, product_id) values (140, 'pretty cool but it needs some modification in order to play', 140, 140);
insert into reviews (id, comment, user_id, product_id) values (141, 'pretty cool but it needs some modification in order to play', 141, 141);
insert into reviews (id, comment, user_id, product_id) values (142, 'pretty cool but it needs some modification in order to play', 142, 142);
insert into reviews (id, comment, user_id, product_id) values (143, 'pretty cool but it needs some modification in order to play', 143, 143);
insert into reviews (id, comment, user_id, product_id) values (144, 'pretty cool but it needs some modification in order to play', 144, 144);
insert into reviews (id, comment, user_id, product_id) values (145, 'pretty cool but it needs some modification in order to play', 145, 145);
insert into reviews (id, comment, user_id, product_id) values (146, 'pretty cool but it needs some modification in order to play', 146, 146);
insert into reviews (id, comment, user_id, product_id) values (147, 'pretty cool but it needs some modification in order to play', 147, 147);
insert into reviews (id, comment, user_id, product_id) values (148, 'pretty cool but it needs some modification in order to play', 148, 148);
insert into reviews (id, comment, user_id, product_id) values (149, 'pretty cool but it needs some modification in order to play', 149, 149);
insert into reviews (id, comment, user_id, product_id) values (150, 'pretty cool but it needs some modification in order to play', 150, 150);
insert into reviews (id, comment, user_id, product_id) values (151, 'pretty cool but it needs some modification in order to play', 151, 151);
insert into reviews (id, comment, user_id, product_id) values (152, 'pretty cool but it needs some modification in order to play', 152, 152);
insert into reviews (id, comment, user_id, product_id) values (153, 'pretty cool but it needs some modification in order to play', 153, 153);
insert into reviews (id, comment, user_id, product_id) values (154, 'pretty cool but it needs some modification in order to play', 154, 154);
insert into reviews (id, comment, user_id, product_id) values (155, 'pretty cool but it needs some modification in order to play', 155, 155);
insert into reviews (id, comment, user_id, product_id) values (156, 'pretty cool but it needs some modification in order to play', 156, 156);
insert into reviews (id, comment, user_id, product_id) values (157, 'pretty cool but it needs some modification in order to play', 130, 157);
insert into reviews (id, comment, user_id, product_id) values (158, 'pretty cool but it needs some modification in order to play', 158, 158);
insert into reviews (id, comment, user_id, product_id) values (159, 'pretty cool but it needs some modification in order to play', 159, 159);
insert into reviews (id, comment, user_id, product_id) values (160, 'pretty cool but it needs some modification in order to play', 160, 160);
insert into reviews (id, comment, user_id, product_id) values (161, 'pretty cool but it needs some modification in order to play', 161, 161);
insert into reviews (id, comment, user_id, product_id) values (162, 'pretty cool but it needs some modification in order to play', 162, 11);
insert into reviews (id, comment, user_id, product_id) values (163, 'pretty cool but it needs some modification in order to play', 163, 163);
insert into reviews (id, comment, user_id, product_id) values (164, 'pretty cool but it needs some modification in order to play', 164, 164);
insert into reviews (id, comment, user_id, product_id) values (165, 'pretty cool but it needs some modification in order to play', 165, 165);
insert into reviews (id, comment, user_id, product_id) values (166, 'pretty cool but it needs some modification in order to play', 166, 166);
insert into reviews (id, comment, user_id, product_id) values (167, 'pretty cool but it needs some modification in order to play', 167, 167);
insert into reviews (id, comment, user_id, product_id) values (168, 'pretty cool but it needs some modification in order to play', 168, 168);
insert into reviews (id, comment, user_id, product_id) values (169, 'pretty cool but it needs some modification in order to play', 169, 169);
insert into reviews (id, comment, user_id, product_id) values (170, 'pretty cool but it needs some modification in order to play', 170, 170);
insert into reviews (id, comment, user_id, product_id) values (171, 'pretty cool but it needs some modification in order to play', 171, 171);
insert into reviews (id, comment, user_id, product_id) values (172, 'pretty cool but it needs some modification in order to play', 172, 172);
insert into reviews (id, comment, user_id, product_id) values (173, 'pretty cool but it needs some modification in order to play', 173, 173);
insert into reviews (id, comment, user_id, product_id) values (174, 'pretty cool but it needs some modification in order to play', 174, 174);
insert into reviews (id, comment, user_id, product_id) values (175, 'pretty cool but it needs some modification in order to play', 175, 175);
insert into reviews (id, comment, user_id, product_id) values (176, 'pretty cool but it needs some modification in order to play', 176, 176);
insert into reviews (id, comment, user_id, product_id) values (177, 'pretty cool but it needs some modification in order to play', 177, 177);
insert into reviews (id, comment, user_id, product_id) values (178, 'pretty cool but it needs some modification in order to play', 178, 178);
insert into reviews (id, comment, user_id, product_id) values (179, 'pretty cool but it needs some modification in order to play', 179, 179);
insert into reviews (id, comment, user_id, product_id) values (180, 'pretty cool but it needs some modification in order to play', 180, 180);
insert into reviews (id, comment, user_id, product_id) values (181, 'pretty cool but it needs some modification in order to play', 181, 181);
insert into reviews (id, comment, user_id, product_id) values (182, 'pretty cool but it needs some modification in order to play', 130, 182);
insert into reviews (id, comment, user_id, product_id) values (183, 'pretty cool but it needs some modification in order to play', 183, 183);
insert into reviews (id, comment, user_id, product_id) values (184, 'pretty cool but it needs some modification in order to play', 184, 184);
insert into reviews (id, comment, user_id, product_id) values (185, 'pretty cool but it needs some modification in order to play', 185, 185);
insert into reviews (id, comment, user_id, product_id) values (186, 'pretty cool but it needs some modification in order to play', 186, 186);
insert into reviews (id, comment, user_id, product_id) values (187, 'pretty cool but it needs some modification in order to play', 187, 187);
insert into reviews (id, comment, user_id, product_id) values (188, 'pretty cool but it needs some modification in order to play', 188, 188);
insert into reviews (id, comment, user_id, product_id) values (189, 'pretty cool but it needs some modification in order to play', 189, 100);
insert into reviews (id, comment, user_id, product_id) values (190, 'pretty cool but it needs some modification in order to play', 190, 190);
insert into reviews (id, comment, user_id, product_id) values (191, 'pretty cool but it needs some modification in order to play', 191, 191);
insert into reviews (id, comment, user_id, product_id) values (192, 'pretty cool but it needs some modification in order to play', 192, 192);
insert into reviews (id, comment, user_id, product_id) values (193, 'pretty cool but it needs some modification in order to play', 193, 193);
insert into reviews (id, comment, user_id, product_id) values (194, 'pretty cool but it needs some modification in order to play', 194, 194);
insert into reviews (id, comment, user_id, product_id) values (195, 'pretty cool but it needs some modification in order to play', 195, 195);
insert into reviews (id, comment, user_id, product_id) values (196, 'pretty cool but it needs some modification in order to play', 196, 196);
insert into reviews (id, comment, user_id, product_id) values (197, 'pretty cool but it needs some modification in order to play', 197, 197);
insert into reviews (id, comment, user_id, product_id) values (198, 'pretty cool but it needs some modification in order to play', 198, 198);
insert into reviews (id, comment, user_id, product_id) values (199, 'pretty cool but it needs some modification in order to play', 199, 199);
insert into reviews (id, comment, user_id, product_id) values (200, 'pretty cool but it needs some modification in order to play', 200, 200);
